date,load,pv,net_actual,net_fc,eps,Q2_emergency_kwh,emergency
2025-01-01,127286.15238333333,35250.98236666667,92035.17001666667,73675.3394,0.2491991318422983,0.0,True
2025-01-02,127657.07848333335,34771.83921666666,92885.23926666669,94096.14938333334,-0.012868859401818757,0.0,False
2025-01-03,81883.55671666666,36378.615350000015,45504.941366666644,91412.70593333333,-0.5022033217148928,0.0,False
2025-01-04,81891.73006666666,37126.127700000005,44765.60236666665,74549.11566111111,-0.3995153132310215,0.0,False
2025-01-05,127674.11883333334,36638.408533333335,91035.7103,67476.5431125,0.3491460306172039,0.0,True
2025-01-06,126826.69011666664,36194.20901666667,90632.48109999998,73096.58339666665,0.23990037411424336,0.0,True
2025-01-07,126927.46215,34360.56120000001,92566.90095,74213.0287,0.2473133433779398,0.0,True
2025-01-08,126695.94394999994,37169.94263333335,89526.0013166666,83935.31420714286,0.06660709097635067,0.0,False
2025-01-09,127066.61819999997,35975.06208333334,91091.55611666663,78823.91528749999,0.1556334874310927,0.0,False
2025-01-10,81486.63841666667,35995.971699999995,45490.666716666674,85806.80838888888,-0.4698478177804215,0.0,False
2025-01-11,81610.19496666665,36744.30835000001,44865.88661666664,76423.69293166665,-0.412932234813843,0.0,False
2025-01-12,126519.32696666672,35653.43856666667,90865.88840000005,75707.22764393939,0.20022739212369198,0.0,True
2025-01-13,126980.35978333332,38706.402816666654,88273.95696666666,77084.07257083335,0.14516467569290423,0.0,False
2025-01-14,127109.49061666669,37829.17768333332,89280.31293333336,76447.54873333333,0.1678636452394788,0.0,False
2025-01-15,126963.89896666672,36893.55603333333,90070.34293333339,74189.00847500001,0.2140658675022598,0.0,True
2025-01-16,126807.76418333329,37733.61273333331,89074.15144999998,74570.91500777777,0.1944891844321544,0.0,False
2025-01-17,80876.07620000001,38186.96273333335,42689.11346666666,77041.85796111112,-0.44589714479348225,0.0,False
2025-01-18,81208.05750000004,37965.548483333325,43242.509016666714,77326.15447555557,-0.44077771214736167,0.0,False
2025-01-19,126210.84621666669,37527.70675000001,88683.13946666667,70989.34199444445,0.24924583007977347,0.0,True
2025-01-20,126565.66615000005,38498.58960000001,88067.07655000004,74272.5834377778,0.18572792911907593,0.0,False
2025-01-21,125750.14588333335,42274.241200000004,83475.90468333334,74489.13869222223,0.12064532022907472,0.0,False
2025-01-22,126679.58854999996,37780.82418333333,88898.76436666663,77685.44557666665,0.14434259476485478,0.0,False
2025-01-23,126355.43115000003,36789.50555000001,89565.92560000002,74647.06386999998,0.19985865426645127,0.0,False
2025-01-24,80339.5357,40510.12255,39829.41314999999,71821.75571666665,-0.44544083122772576,0.0,False
2025-01-25,80632.06428333333,42192.488816666664,38439.57546666666,67914.54058333334,-0.4340008025306442,0.0,False
2025-01-26,126385.04864999998,38686.058616666676,87698.9900333333,77762.25327444443,0.1277835497361347,0.0,False
2025-01-27,125642.95023333341,41448.03345,84194.9167833334,70415.71922,0.1956835450374799,0.0,False
2025-01-28,126496.61093333327,39516.21156666668,86980.39936666659,76335.06320444442,0.1394553919960909,0.0,False
2025-01-29,125425.44486666669,44040.243816666625,81385.20105000006,69001.1807811111,0.17947548329896187,0.0,False
2025-01-30,126011.04994999999,42268.467166666676,83742.58278333332,69416.85456444444,0.20637247695499253,0.0,True
2025-01-31,80009.91998333331,41245.59693333334,38764.32304999997,70755.82529666666,-0.4521394826861531,0.0,False
2025-02-01,76305.2062833333,41927.030349999986,34378.17593333332,69210.53081666667,-0.5032811404900441,0.0,False
2025-02-02,121705.97265,43349.694699999985,78356.27795000002,68760.42625555555,0.13955486050625185,0.0,False
2025-02-03,122603.76899999996,42386.8525,80216.91649999996,74082.16406555555,0.08281011376794753,0.0,False
2025-02-04,121578.09884999997,40383.23490000001,81194.86394999996,75968.40415111111,0.06879780952740205,0.0,False
2025-02-05,121991.08443333334,41242.65744999999,80748.42698333334,70778.32276444444,0.14086381012545537,0.0,False
2025-02-06,122252.16269999997,41981.10548333333,80271.05721666664,76097.43806777778,0.05484572483467231,0.0,False
2025-02-07,76168.59693333328,44362.917266666685,31805.67966666659,72149.32564444444,-0.5591687187291728,0.0,False
2025-02-08,75746.78751666666,44169.62479999998,31577.16271666668,61109.00339666667,-0.4832649697836648,0.0,False
2025-02-09,121547.90356666666,41992.48759999999,79555.41596666667,68355.39428444445,0.16384985851469205,0.0,False
2025-02-10,121477.56451666667,47150.926933333336,74326.63758333333,66962.10590333331,0.10998058649217922,0.0,False
2025-02-11,121441.28161666669,46220.68448333331,75220.59713333339,67562.67749444443,0.1133454138125099,0.0,False
2025-02-12,121363.85288333334,46097.11675000001,75266.73613333332,67378.89085333333,0.11706700986173582,0.0,False
2025-02-13,121310.28371666669,49980.804700000015,71329.47901666668,62063.191183333314,0.14930408276881788,0.7882,False
2025-02-14,75872.63795000003,46070.83613333333,29801.801816666703,64394.57370666666,-0.5372001070708017,0.0,False
2025-02-15,76054.55224999998,46774.46114999999,29280.09109999999,62525.17610666665,-0.5317071790401875,0.0,False
2025-02-16,121276.97728333334,45899.59818333334,75377.37909999999,64490.33062444444,0.1688167570260358,1.7469,False
2025-02-17,120960.37281666667,49776.509649999985,71183.86316666668,67484.80649111111,0.05481317748229434,22.7696,False
2025-02-18,121331.27123333327,49239.88345000001,72091.38778333327,58630.13863555556,0.22959606545453895,0.0,True
2025-02-19,121866.79411666667,48987.466733333335,72879.32738333334,58684.633251111096,0.24188093791918666,250.48059999999998,True
2025-02-20,121105.25703333328,50112.12329999998,70993.1337333333,61829.65640222223,0.14820521193745032,14.6434,False
2025-02-21,75802.00203333326,50241.73999999999,25560.262033333274,60308.43654222222,-0.576174354720033,0.0,False
2025-02-22,75682.2422666667,47837.47938333333,27844.762883333366,59022.54286444444,-0.528235119464715,0.0,False
2025-02-23,121142.14093333337,49610.287249999994,71531.85368333338,58114.73241999999,0.2308729766897443,0.0,True
2025-02-24,120628.98855,52425.95493333335,68203.03361666665,57895.94621444444,0.17802779082399212,8.4517,False
2025-02-25,121093.33288333329,55272.00964999999,65821.3232333333,60430.88091333333,0.08920012812208797,12.01,False
2025-02-26,121060.73411666663,52245.886083333324,68814.84803333331,53618.26337111111,0.2834217989687809,0.0,True
2025-02-27,120599.48893333333,53642.90473333332,66956.58420000001,54909.90413777777,0.2193899306761707,0.0,True
2025-02-28,75385.10794999996,52092.514399999985,23292.593549999976,55513.8206411111,-0.5804181142461216,0.0,False
2025-03-01,72244.16014999998,48585.39421666666,23658.76593333332,63059.21035666666,-0.6248166477265109,0.0,False
2025-03-02,117860.4170833333,45502.11001666664,72358.30706666666,60613.573036666654,0.19376409344645176,1154.0025,False
2025-03-03,117958.74560000002,45941.598966666665,72017.14663333335,65876.09939222223,0.09322117274351219,2.3268999999999997,False
2025-03-04,118139.02498333337,48939.567050000005,69199.45793333335,56697.71364666666,0.22049820852699736,0.0,True
2025-03-05,118073.44383333332,51942.971816666635,66130.4720166667,60043.43799111112,0.10137717341329969,0.0,False
2025-03-06,117673.59855000002,51732.944416666665,65940.65413333336,55234.932897777784,0.1938215667857956,0.0,False
2025-03-07,71680.36145000004,50758.075916666654,20922.285533333386,60541.97662666666,-0.6544168740582904,0.0,False
2025-03-08,72344.7115833333,53281.57206666666,19063.139516666633,51465.62088777777,-0.6295946849988588,0.0,False
2025-03-09,117692.98650000004,54359.46144999997,63333.52505000007,55478.65195777777,0.14158370499341397,0.8656,False
2025-03-10,117943.06436666669,49900.99291666666,68042.07145000002,55460.671140000006,0.22685265164283064,141.1763,True
2025-03-11,117499.55295,53560.634150000005,63938.91879999999,46554.32266888888,0.3734260351021885,0.0,True
2025-03-12,118112.23683333342,55676.70215,62435.53468333342,55751.145628888895,0.11989689142783884,56.161699999999996,False
2025-03-13,118237.27704999998,50691.65903333332,67545.61801666665,55837.5793922222,0.20968026823303335,127.56559999999999,True
2025-03-14,72108.86895,56079.44296666667,16029.425983333334,48076.9479211111,-0.6665881118402975,0.0,False
2025-03-15,72724.98178333334,51800.85663333334,20924.12515,51917.86562222222,-0.5969763991791697,0.0,False
2025-03-16,117983.2159833333,54632.16904999998,63351.04693333332,49023.544777777766,0.2922575717545861,0.0,True
2025-03-17,117693.62179999992,59835.49036666666,57858.13143333326,48232.60976666667,0.19956460397294837,27.4434,False
2025-03-18,117253.42358333331,56127.465216666686,61125.95836666662,56553.2642811111,0.08085641286462064,0.0,False
2025-03-19,117281.55799999996,57816.08755000002,59465.47044999994,43165.07861333332,0.37762914745698106,0.0,True
2025-03-20,117648.38173333333,55439.41991666668,62208.96181666665,51366.80344777778,0.21107325434240007,29.281799999999997,True
2025-03-21,72593.53221666667,60560.067699999985,12033.464516666689,49028.52937444444,-0.7545619933903424,0.0,False
2025-03-22,71936.92953333334,56055.72980000001,15881.199733333335,49040.03001888888,-0.6761584418440133,0.0,False
2025-03-23,117739.97726666662,58970.25715000002,58769.720116666605,50019.493157777775,0.17493633794504404,0.0,False
2025-03-24,117425.1706166667,59426.67353333334,57998.49708333336,49113.186703333326,0.1809149635040274,0.0,False
2025-03-25,118053.16781666665,57103.04309999999,60950.124716666665,56333.16261111112,0.08195815557930171,10.53,False
2025-03-26,117704.62780000007,62112.072933333315,55592.55486666676,46026.1092411111,0.20784823621395285,0.0,True
2025-03-27,117952.59836666661,59235.60896666666,58716.989399999955,49934.55859777778,0.17587881116491966,0.0,False
2025-03-28,71891.76726666665,61069.88649999999,10821.880766666654,47680.135733333336,-0.7730316703125272,0.0,False
2025-03-29,72118.27746666668,64411.068283333334,7707.209183333347,39208.68018111111,-0.8034310477238069,0.0,False
2025-03-30,117994.70585000007,62649.08615,55345.61970000007,46084.43171555556,0.20096131469314485,0.0,True
2025-03-31,117075.66561666675,60124.27613333334,56951.38948333341,40418.37472,0.40904699602264,0.0,True
2025-04-01,117967.1463,57758.29478333333,60208.85151666666,52987.29786222223,0.13628839261103565,18.0926,False
2025-04-02,117986.62945,57551.29405,60435.335399999996,49306.93412888888,0.2256964759159705,232.4454,True
2025-04-03,117884.45609999994,62020.92583333334,55863.530266666596,50327.965219999984,0.1099898440652001,27.7175,False
2025-04-04,71735.75181666664,65304.94956666666,6430.802249999979,41474.43802666667,-0.8449454035793037,0.0,False
2025-04-05,72602.74256666665,60558.62758333332,12044.114983333333,39400.521932222226,-0.694315851854655,0.0,False
2025-04-06,117205.4305833333,62795.35431666664,54410.07626666666,43826.18185555555,0.24149706780284952,22.5317,True
2025-04-07,117015.14203333332,63772.42275,53242.719283333325,39320.97782555554,0.35405379590356334,0.0,True
2025-04-08,117713.29026666663,63360.09665,54353.193616666635,47735.579476666666,0.13863064432337485,34.8591,False
2025-04-09,117677.52253333331,58543.21151666667,59134.31101666664,46145.602753333325,0.2814722852958091,0.0,True
2025-04-10,117668.7006833333,63208.06278333334,54460.63789999996,44419.322534444436,0.22605737306707238,18.0846,True
2025-04-11,72091.99674999999,66775.34658333333,5316.650166666659,32949.62759333332,-0.8386430877979825,0.0,False
2025-04-12,71957.17576666665,62932.01521666669,9025.160549999964,46518.71855222223,-0.8059886249904271,0.0,False
2025-04-13,117283.06220000009,63006.70371666667,54276.35848333342,38899.31741888889,0.3953036218825188,0.0,True
2025-04-14,117901.3726833333,65373.34088333333,52528.031799999975,45430.360767777776,0.15623188793288953,0.609,False
2025-04-15,117056.90516666663,66917.47633333334,50139.428833333295,36795.71705666666,0.3626430694669399,0.4646,True
2025-04-16,117924.88506666668,62145.29311666665,55779.59195000003,43340.94046,0.2869954218340013,12.4355,True
2025-04-17,117487.04263333339,64618.70028333332,52868.34235000007,37142.54454444445,0.42339042729660775,0.8767,True
2025-04-18,71490.16935000001,65136.05216666667,6354.117183333343,37962.26085666666,-0.8326201590752338,0.0,False
2025-04-19,71905.41535000001,65120.736099999995,6784.679250000016,39551.65430666667,-0.8284602915115887,0.0,False
2025-04-20,117197.81635,65240.07146666664,51957.744883333355,35423.69910888889,0.4667509658892616,0.0,True
2025-04-21,118481.6378833333,69964.72750000005,48516.91038333325,42196.12482777778,0.1497954037569461,0.0,False
2025-04-22,117811.00101666668,65658.07169999999,52152.92931666669,34782.73101444445,0.49939144499633475,0.0,True
2025-04-23,118030.5147666667,66630.59805000003,51399.916716666674,32862.65948,0.5640826862460211,0.0,True
2025-04-24,117497.77966666665,70407.67296666667,47090.10669999999,34594.19577999998,0.3612140891919302,0.0,True
2025-04-25,71763.3212,69762.96355,2000.3576500000054,33086.09572222222,-0.9395408371300676,0.0,False
2025-04-26,72100.92436666666,72030.73073333333,70.19363333332876,30017.82009000001,-0.9976616012381021,0.0,False
2025-04-27,117032.5225333333,68459.05134999998,48573.47118333331,30739.820564444453,0.580148169098825,0.0,True
2025-04-28,117537.30080000007,60915.333483333314,56621.967316666756,44815.806782222215,0.2634374204578166,1225.3728,True
2025-04-29,117252.75871666662,69819.54499999997,47433.21371666665,35353.630422222224,0.34167872295376955,0.0,True
2025-04-30,117682.88071666668,69426.02628333334,48256.85443333334,32024.461691111108,0.5068748039792278,0.0,True
2025-05-01,120364.58391666668,69353.20511666666,51011.37880000002,34684.34969444445,0.47073187905756664,2437.018,True
2025-05-02,74761.02673333335,60470.70665000003,14290.320083333318,46162.276084444435,-0.6904329401524287,0.0,False
2025-05-03,74894.84928333333,66027.67763333333,8867.171650000004,39406.554724444446,-0.7749823167235786,0.0,False
2025-05-04,120670.08423333336,68935.4169,51734.66733333336,36731.70678666666,0.40844713897456736,97.8412,True
2025-05-05,120612.1638666666,65536.15706666665,55076.006799999945,40714.01981222221,0.35275286139803663,3615.1447,True
2025-05-06,121017.19009999996,68147.10773333334,52870.082366666626,32546.038979999998,0.6244705661157735,64.7287,True
2025-05-07,121160.21501666667,66092.36906666668,55067.84594999999,35698.47669444446,0.542582514692283,747.761,True
2025-05-08,120445.47738333327,64618.96498333331,55826.51239999996,42697.07092777778,0.3075021585070946,60.0909,True
2025-05-09,74253.82544999999,65754.4396,8499.385849999991,45867.70403555555,-0.814697813446004,0.0,False
2025-05-10,74647.98705,62526.941766666685,12121.045283333311,41370.93825444445,-0.7070154607375588,0.0,False
2025-05-11,120743.09041666662,65259.011333333336,55484.07908333328,38103.08741111112,0.4561570427270349,88.9532,True
2025-05-12,120448.60361666663,68517.40838333331,51931.19523333332,33895.54908111112,0.5320948219208187,0.9367,True
2025-05-13,120269.63160000001,67140.41883333334,53129.212766666664,43266.04122000001,0.2279656577895401,20.6699,True
2025-05-14,120592.00526666672,67577.85648333334,53014.14878333338,41098.423306666664,0.2899314503564871,10.1783,True
2025-05-15,119598.30981666665,66833.25153333337,52765.058283333274,39773.08314333334,0.3266524521918442,11.8867,True
2025-05-16,74681.34474999999,71965.83821666666,2715.506533333333,36790.71911666666,-0.9261904469787008,0.0,False
2025-05-17,75274.53043333335,64825.73134999999,10448.79908333336,42065.60453888889,-0.7516070624000272,0.0,False
2025-05-18,120687.03700000001,67010.86890000002,53676.168099999995,41928.848418888876,0.28017272412897876,5.5583,True
2025-05-19,120072.38798333333,72557.17143333335,47515.21654999998,38426.80753333334,0.23651220593287384,70.458,True
2025-05-20,120437.57771666665,65910.1829,54527.39481666665,38103.08421666667,0.43104937402457894,46.4736,True
2025-05-21,120283.05128333338,68920.43600000003,51362.61528333335,34081.868740000005,0.5070363563442718,2.6964,True
2025-05-22,119729.6800166667,68913.04920000002,50816.63081666667,36777.61925222224,0.38172703535170077,0.0,True
2025-05-23,74983.38438333334,68562.4355,6420.948883333331,40976.03015222223,-0.8432998789907151,0.0,False
2025-05-24,74693.81781666665,70939.31643333334,3754.501383333307,32355.923052222235,-0.8839624702632168,0.0,False
2025-05-25,120319.87760000004,71774.86741666666,48545.010183333376,35650.105876666654,0.3617073214670749,0.0,True
2025-05-26,119407.96936666663,64828.13641666666,54579.83294999997,36543.65848,0.49355141822680393,0.0,True
2025-05-27,120046.82735000004,70656.46005000001,49390.36730000003,33178.83901000001,0.4886104750414536,5.645,True
2025-05-28,119921.84721666662,67648.02311666666,52273.824099999954,40821.43012555556,0.28054857312004894,20.0887,True
2025-05-29,120439.31426666667,66329.19076666665,54110.123500000016,39931.92480000001,0.3550592357120738,549.3185,True
2025-05-30,74612.22448333332,68015.99121666666,6596.2332666666625,43723.8061,-0.8491386305304592,0.0,False
2025-05-31,74778.33258333332,66389.15103333333,8389.181549999994,43698.672744444455,-0.8080220514004848,0.0,False
2025-06-01,128248.56003333336,57023.73373333332,71224.82630000004,52058.834,0.3681602300197511,16988.1999,True
2025-06-02,128080.53698333332,59439.72953333332,68640.80745000001,56904.70617333334,0.20624131229002698,14467.3817,True
2025-06-03,128076.84056666664,59884.47373333331,68192.36683333333,50994.69737222221,0.3372442694498472,606.8958,True
2025-06-04,128539.84358333335,58894.58276666666,69645.26081666669,61704.214544444454,0.12869536272117105,352.3958,False
2025-06-05,128455.92066666663,57306.602649999986,71149.31801666664,51660.122102222216,0.3772580303987721,1219.5023,True
2025-06-06,82747.41500000001,51892.419599999994,30854.995400000014,58958.1034611111,-0.47666234853785555,0.0,False
2025-06-07,83156.75974999998,52030.24658333332,31126.513166666664,61591.94492666665,-0.49463337772939475,0.0,False
2025-06-08,128266.94664999998,63082.023383333326,65184.92326666666,47849.90081777779,0.36227917200715176,20.6469,True
2025-06-09,128169.18798333328,57236.475250000025,70932.71273333326,60121.906539999996,0.17981475996840976,432.26480000000004,False
2025-06-10,127414.49178333324,55796.04754999998,71618.44423333326,54755.3293988889,0.30797211923606005,975.6889,True
2025-06-11,128236.67731666668,52152.231,76084.44631666668,60382.27686,0.2600459981506349,5200.373,True
2025-06-12,127721.81298333338,55269.42155000003,72452.39143333335,59223.27365777778,0.2233770097208767,2067.6609,True
2025-06-13,81889.59039999997,53544.27670000002,28345.313699999955,60291.52797555556,-0.5298624093339912,0.0,False
2025-06-14,82253.15711666664,56059.8143666667,26193.342749999938,58963.74728444446,-0.5557720810442768,0.0,False
2025-06-15,127368.88451666672,56741.91018333335,70626.97433333338,51967.115693333326,0.3590705081674151,0.0,True
2025-06-16,127618.63201666666,54924.579200000015,72694.05281666663,58835.85278888888,0.23554005544039414,0.0,True
2025-06-17,127311.7546,52674.74338333332,74637.01121666668,60565.675687777766,0.2323318508230319,793.6211,True
2025-06-18,126909.07891666662,55980.688016666674,70928.39089999994,60935.464828888886,0.1639919560665025,0.0,False
2025-06-19,127349.06689999995,59089.56269999999,68259.50419999997,56782.50715222221,0.20212205524864,44.547799999999995,True
2025-06-20,81137.0797166667,58736.49886666665,22400.580850000057,59101.80444000001,-0.6209831313569949,0.0,False
2025-06-21,81408.06479999996,62073.324399999976,19334.740399999988,50887.46594333333,-0.6200490623461081,0.0,False
2025-06-22,126539.46191666664,59082.120816666684,67457.34109999996,51311.49652999999,0.31466329500953216,0.0,True
2025-06-23,126690.8730833333,59629.58708333334,67061.28599999996,55094.67217444446,0.21720092621054188,6.5817,True
2025-06-24,127112.84501666667,50844.052766666675,76268.79225,66259.09130333332,0.1510690948181343,978.9418,False
2025-06-25,126310.40843333334,55872.98706666665,70437.4213666667,57351.171638888874,0.22817754814453106,13.9247,True
2025-06-26,126697.44536666665,59150.06153333331,67547.38383333334,53953.55718222221,0.2519542243563195,41.1964,True
2025-06-27,79563.255,59791.60913333334,19771.645866666666,56490.4388188889,-0.650000136659311,0.0,False
2025-06-28,80661.57279999995,58884.64668333334,21776.92611666661,52696.20688666667,-0.5867458513000361,0.0,False
2025-06-29,126384.80871666662,57117.04018333336,69267.76853333326,49345.56724666667,0.4037282860095675,0.0,True
2025-06-30,125947.32058333333,56069.63659999999,69877.68398333335,58088.89195333334,0.20294399899159257,37.303599999999996,True
2025-07-01,141546.85106666663,62680.307033333345,78866.54403333328,48613.60552444444,0.6223142303994859,6936.3465,True
2025-07-02,141198.65821666675,68293.89184999999,72904.76636666676,45726.94036111112,0.594350415552169,279.7449,True
2025-07-03,141565.53863333337,61805.119699999996,79760.41893333338,54819.579235555546,0.4549622606661928,1322.4884,True
2025-07-04,95795.06575,66914.19828333333,28880.867466666663,47372.954949999985,-0.3903511508380865,0.0,False
2025-07-05,95872.8349,67082.75493333332,28790.079966666686,44386.96527333332,-0.3513843582371893,0.0,False
2025-07-06,141244.57465000002,61450.59309999999,79793.98155000003,48817.17285222221,0.6345473710972535,2037.9901,True
2025-07-07,141495.39414999995,68085.91138333335,73409.4827666666,53858.20280888889,0.3630139688684694,115.24889999999999,True
2025-07-08,141285.22700000004,65713.83998333337,75571.38701666667,58121.353757777775,0.3002344599819949,137.275,True
2025-07-09,140590.70496666667,66531.97995,74058.72501666668,59458.931285555554,0.24554416662813233,45.2833,True
2025-07-10,140463.54224999994,67609.91886666666,72853.62338333328,53445.50518222223,0.3631384554218199,38.9083,True
2025-07-11,94741.08839999995,62222.31125,32518.77714999995,62760.702736666666,-0.48186085030877907,0.0,False
2025-07-12,95318.37109999993,64234.12776666666,31084.243333333274,50657.92273888887,-0.3863893019547237,0.0,False
2025-07-13,139893.36648333332,70625.64608333334,69267.72039999998,58627.54021222221,0.18148774704280682,1.2399,False
2025-07-14,141062.42346666663,69254.74424999999,71807.67921666664,58905.396357777776,0.2190339706828111,60.3454,True
2025-07-15,139545.1626666667,66796.11208333333,72749.05058333337,63041.76300777777,0.1539818544471538,0.0,False
2025-07-16,140365.26538333335,68230.702,72134.56338333334,60828.67821333333,0.18586438998968446,38.012100000000004,False
2025-07-17,139569.1592833334,66848.74321666667,72720.41606666673,58871.45133444446,0.23524075622914928,0.0,True
2025-07-18,93698.07319999997,62423.8251,31274.248099999968,69352.81507222222,-0.5490558232217138,0.0,False
2025-07-19,94564.52239999993,67381.70335000001,27182.81904999992,64196.84851000001,-0.576570818024414,0.0,False
2025-07-20,138750.53876666675,66660.56055,72089.97821666676,61285.64148666666,0.1762947481320024,0.0,False
2025-07-21,138442.81979999997,64453.07045,73989.74934999997,64681.83977777776,0.14390298117988998,0.0,False
2025-07-22,139514.85881666664,65719.71419999997,73795.14461666667,60496.76632111111,0.21981965490467759,180.5498,True
2025-07-23,139450.03365000003,65233.48653333332,74216.54711666671,70282.3605322222,0.055976870364802485,0.0,False
2025-07-24,138902.2175166667,65285.745516666684,73616.47200000001,69469.82950888891,0.05968983255645557,518.8308000000001,False
2025-07-25,92354.83968333332,65849.52011666667,26505.319566666658,59263.58137888886,-0.5527553524446888,0.0,False
2025-07-26,93187.68993333334,64718.59836666667,28469.09156666667,62239.95544111111,-0.5425913890056854,0.0,False
2025-07-27,138110.19628333332,64425.006483333316,73685.18980000001,59035.57474333334,0.24814893596544504,801.9358,True
2025-07-28,138228.99843333324,60274.12120000002,77954.87723333322,64745.78718888889,0.20401466439674631,4218.1582,True
2025-07-29,138314.74511666663,62245.499166666676,76069.24594999995,61460.794518888884,0.23768731832162404,2378.7663,True
2025-07-30,138424.36443333334,64321.11038333334,74103.25404999999,54396.50376222223,0.36227972249686896,0.0,True
2025-07-31,137423.31371666666,62728.31744999999,74694.99626666667,58823.61688,0.26981304837212294,0.0,True
2025-08-01,92719.42409999999,71468.06443333335,21251.35966666664,58504.090268888875,-0.636754292409404,0.0,False
2025-08-02,91562.24421666666,70635.21928333335,20927.024933333305,63299.13738999999,-0.6693947848862888,0.0,False
2025-08-03,138062.48614999998,75223.0061666667,62839.47998333328,45603.11969111112,0.37796449911697255,259.549,True
2025-08-04,138312.10694999996,72896.45186666666,65415.6550833333,53646.5752411111,0.21938175529988305,0.0,True
2025-08-05,136458.49728333342,71306.18754999999,65152.30973333343,51912.188653333345,0.25504840815741486,4.1909,True
2025-08-06,136716.0878,68601.68853333335,68114.39926666666,59185.18758555554,0.1508690272917263,0.0,False
2025-08-07,136850.75446666667,73462.76921666667,63387.98525,61291.57515111111,0.03420388681022314,47.903400000000005,False
2025-08-08,90703.2161166667,74928.04486666668,15775.171250000029,49623.26867222224,-0.682101327218081,0.0,False
2025-08-09,90303.83175,71381.90275000001,18921.92899999999,52233.278712222236,-0.637741886657167,0.0,False
2025-08-10,136535.4447166666,71230.82566666666,65304.619049999936,51789.18805,0.26097012733529307,0.0,True
2025-08-11,136422.26351666663,71861.01018333335,64561.25333333328,52962.53936888889,0.21899844876504698,12.6152,True
2025-08-12,136637.59669999994,68877.05305000003,67760.5436499999,59358.78021777778,0.14154204991068572,2.7603,False
2025-08-13,136547.9971833333,70427.01773333337,66120.97944999993,51584.86306888888,0.2817903453906396,0.0,True
2025-08-14,135936.0553666667,70009.76438333334,65926.29098333335,53177.592073333304,0.23973817566653371,32.2352,True
2025-08-15,89968.05776666664,72808.33088333334,17159.726883333293,62873.84920222222,-0.727076883297821,0.0,False
2025-08-16,90183.53035000003,73254.24998333337,16929.28036666666,57789.633472222224,-0.7070533355293893,0.0,False
2025-08-17,135369.11649999995,72203.72288333332,63165.393616666624,53598.77628888887,0.17848574146945467,27.933,False
2025-08-18,135710.1747166666,71316.05910000001,64394.11561666659,53750.74384111108,0.1980134787905012,46.199400000000004,False
2025-08-19,135364.4828833333,71046.82283333334,64317.66004999995,52793.981478888876,0.2182763687887251,55.9932,True
2025-08-20,135048.05366666662,64397.36259999999,70650.69106666662,60967.894507777775,0.15881795881361127,3510.7916,False
2025-08-21,134971.7988999999,69127.38041666673,65844.41848333318,57241.51083333335,0.15029141482740385,0.0,False
2025-08-22,90531.73040000001,69301.16100000002,21230.569399999993,56248.92550666667,-0.6225604452215939,0.0,False
2025-08-23,89697.14623333332,67167.14008333335,22530.006149999972,51437.376468888906,-0.5619915381254544,0.0,False
2025-08-24,135068.0714,71334.48191666667,63733.589483333315,49454.46724333335,0.2887327078005243,77.7079,True
2025-08-25,134511.61374999996,63738.52673333333,70773.08701666663,74008.39348666667,-0.04371539926188117,3910.8023000000003,False
2025-08-26,134368.9639333333,68840.14555,65528.81838333329,53296.02182222222,0.22952550946326924,0.0,True
2025-08-27,133788.38209999996,65874.23323333333,67914.14886666663,54574.22138333334,0.24443642337345795,136.7748,True
2025-08-28,134543.81656666673,63776.02158333335,70767.79498333338,53777.403643333324,0.3159392270531514,728.7814000000001,True
2025-08-29,88328.33255,65773.11219999997,22555.220350000032,63947.667402222214,-0.6472862691279928,0.0,False
2025-08-30,89025.08758333337,70512.36775000002,18512.71983333335,55956.14851444445,-0.6691566463236028,0.0,False
2025-08-31,133365.3598333333,66718.73674999997,66646.62308333332,50131.06593555557,0.3294475559129107,21.6317,True
2025-09-01,121263.61926666666,67689.48473333333,53574.13453333333,62770.040767777784,-0.14650151763427016,0.0,False
2025-09-02,121532.82415000007,67475.06830000001,54057.75585000006,52439.64118555558,0.03085670740421063,0.0,False
2025-09-03,121433.71643333332,65885.99918333335,55547.71724999997,56568.433881111116,-0.0180439259332575,0.0,False
2025-09-04,121061.17303333328,67135.60748333334,53925.56554999994,53458.79831777778,0.008731345389537843,0.0,False
2025-09-05,75132.98044999999,68308.71878333332,6824.261666666673,48244.70540888888,-0.8585490032775839,0.0,False
2025-09-06,75826.37416666666,68105.29046666669,7721.083699999974,45644.919545555545,-0.830844620236563,0.0,False
2025-09-07,120781.00903333336,65820.02541666666,54960.98361666671,45023.96356333334,0.220705137151139,0.0,True
2025-09-08,121400.59243333335,62005.022899999996,59395.56953333336,55406.127883333334,0.07200361769370428,0.0,False
2025-09-09,121082.23558333331,67979.40131666667,53102.83426666664,43664.72601888889,0.2161494897207171,0.0,True
2025-09-10,121274.78848333337,59958.789833333336,61315.99865000003,55324.84384111111,0.1082904965099418,267.32730000000004,False
2025-09-11,120746.77835000002,67250.69256666666,53496.08578333336,53766.05271111111,-0.0050211409274975435,0.0,False
2025-09-12,75687.22711666669,64135.570916666686,11551.656200000005,43753.540261111106,-0.7359835082815616,0.0,False
2025-09-13,75063.58311666665,67056.48163333331,8007.101483333332,38952.69613111112,-0.7944403782376918,0.0,False
2025-09-14,121237.69566666665,61138.37091666666,60099.32474999999,52720.388902222214,0.13996360803527286,49.2183,False
2025-09-15,120760.02988333337,65692.99925,55067.03063333337,40015.25780777779,0.3761508397086964,28.565199999999997,True
2025-09-16,121843.35746666665,62351.58748333334,59491.76998333332,53570.756477777766,0.11052697208059228,102.2826,False
2025-09-17,120924.79499999994,60964.676600000006,59960.118399999934,49528.39589111111,0.21062104518432445,246.42559999999997,True
2025-09-18,120804.1163666667,61848.065249999985,58956.05111666671,41787.11511444446,0.4108667457708155,77.9757,True
2025-09-19,75287.12646666664,59185.77414999999,16101.35231666665,48630.22987666667,-0.6689024017056465,0.0,False
2025-09-20,75330.72763333339,59685.2939,15645.43373333339,42904.74237222224,-0.635344885709821,0.0,False
2025-09-21,120862.2829833333,62574.795499999986,58287.48748333331,46349.41751777778,0.25756677440394077,347.7248,True
2025-09-22,121218.04173333333,60604.02184999999,60614.01988333334,53548.91163888887,0.13193747600490108,734.6833,False
2025-09-23,121182.28133333329,59065.66574999999,62116.615583333296,51965.59515222221,0.19534117527906342,1666.4896,False
2025-09-24,121014.19341666663,59950.96831666667,61063.22509999996,41631.62037888888,0.46675110274988757,1205.2223999999999,True
2025-09-25,120546.34715000006,60210.898250000006,60335.448900000054,48772.36453444444,0.23708271017677307,28.9383,True
2025-09-26,74194.35371666666,56500.11021666667,17694.243499999997,56634.82027888888,-0.6875730617159621,0.0,False
2025-09-27,75945.77174999997,58144.46949999999,17801.30224999998,40511.58490333334,-0.5605873655035584,0.0,False
2025-09-28,120389.6195833333,56901.9904166667,63487.62916666661,45980.52451222222,0.3807504338013972,1670.3234,True
2025-09-29,121111.41479999997,58351.523199999996,62759.89159999997,52608.343976666656,0.19296459184945694,300.0678,False
2025-09-30,120916.45506666666,55494.28030000001,65422.17476666665,50864.09865222222,0.28621515961550203,3495.8639,True
2025-10-01,117218.45471666665,67556.93318333328,49661.52153333336,47552.2700977778,0.04435648248166664,0.0,False
2025-10-02,117231.70978333328,65500.92666666667,51730.78311666661,54204.09434777777,-0.04562960161721734,0.0,False
2025-10-03,71524.19113333333,63707.03743333335,7817.1536999999735,45431.59106666666,-0.827935726738493,0.0,False
2025-10-04,72397.41483333331,59301.4324,13095.982433333316,54780.09851777777,-0.7609353982982838,0.0,False
2025-10-05,117604.42090000003,62868.45983333334,54735.961066666685,49798.707075555554,0.09914422042363939,49.689499999999995,False
2025-10-06,117896.13613333335,60163.02688333335,57733.10925,41010.264693333316,0.40777216830266333,12.836,True
2025-10-07,117357.17863333323,59585.61563333332,57771.56299999991,46101.15017000001,0.2531479754185035,0.0,True
2025-10-08,117391.06235000005,60912.56668333333,56478.49566666672,43993.77539666665,0.2837837888981454,6.6268,True
2025-10-09,117432.98973333328,61673.00805000001,55759.981683333266,53706.62436444445,0.038232850103463376,13.1208,False
2025-10-10,72371.53011666666,63027.91920000001,9343.61091666665,51236.05125222221,-0.8176360065167708,0.0,False
2025-10-11,71790.96475,57684.65116666667,14106.313583333329,49297.17318333333,-0.7138514711406927,0.0,False
2025-10-12,117709.38418333342,59194.4282,58514.95598333341,43729.661852222205,0.33810675648661265,23.927599999999998,True
2025-10-13,117677.7538333333,60650.35853333333,57027.395299999975,48515.721981111106,0.17544154701444545,12.7592,False
2025-10-14,118032.22918333329,57258.3999,60773.82928333329,51235.429531111105,0.18616804503278908,612.0231,False
2025-10-15,117342.48076666669,55422.45711666667,61920.02365000002,53970.20579,0.14730012131013623,99.4165,False
2025-10-16,117733.27633333336,54766.80338333334,62966.47295000002,49992.46163666665,0.25951935329021003,2960.5525,True
2025-10-17,71943.17253333335,55938.97321666665,16004.199316666694,40313.23377777778,-0.6030038323174949,0.0,False
2025-10-18,71656.70145,55580.10818333332,16076.59326666667,50444.2875611111,-0.6813000233734977,0.0,False
2025-10-19,117991.24738333334,54105.52485000001,63885.722533333326,48603.395982222224,0.31442919249307094,2686.5338,True
2025-10-20,117903.31865000003,53462.53628333332,64440.78236666671,55659.5209188889,0.1577674637296017,1078.3742,False
2025-10-21,117800.84898333332,51338.267633333344,66462.58134999996,54663.15523555556,0.215857025881475,2218.2821,True
2025-10-22,117671.98653333334,52117.089833333346,65554.8967,51892.27695888889,0.2632881141819075,1492.6178,True
2025-10-23,117212.01551666661,53832.51848333335,63379.49703333326,62522.115852222225,0.01371324641567711,15.3022,False
2025-10-24,72135.51853333332,53715.46781666665,18420.050716666672,51341.50129666667,-0.6412249300964132,0.0,False
2025-10-25,72042.78699999997,52644.35426666667,19398.4327333333,53993.70818333332,-0.6407279035648608,0.0,False
2025-10-26,117422.34435000003,52878.03233333333,64544.3120166667,53703.97097555555,0.20185362170043902,0.0,True
2025-10-27,117790.56431666663,54237.98265,63552.58166666663,50173.71644888888,0.2666508715057329,657.0615,True
2025-10-28,117514.1448,51541.72309999997,65972.42170000004,50082.55635777778,0.31727344803865176,931.0577999999999,True
2025-10-29,117721.61451666661,48409.357716666666,69312.25679999994,58281.56468888889,0.18926554511694516,3803.9997,False
2025-10-30,116916.07056666663,52128.25291666666,64787.817649999975,49626.29024444443,0.30551401950204904,42.4147,True
2025-10-31,71748.98903333336,47844.696966666655,23904.292066666705,58814.36439777777,-0.5935637099638553,0.0,False
2025-11-01,71974.20948333332,49430.17105,22544.038433333328,51438.320444444435,-0.5617267780412495,0.0,False
2025-11-02,117843.23631666665,49046.85238333332,68796.38393333333,52213.61517444445,0.317594725120761,628.3904,True
2025-11-03,117808.91503333334,48303.98474999999,69504.93028333335,60303.28619888889,0.15258943026912525,558.5183999999999,False
2025-11-04,117396.61073333328,49816.53870000002,67580.07203333326,54511.31550888888,0.23974392110044235,319.3487,True
2025-11-05,117764.40761666671,48086.387549999985,69678.02006666672,62657.1453811111,0.11205225904964652,501.83,False
2025-11-06,117713.09413333327,46343.50958333334,71369.58454999994,57813.530256666665,0.23447892272190182,2003.6513,True
2025-11-07,72212.37866666667,48893.91688333333,23318.46178333334,56030.17206333332,-0.5838231273504662,0.0,False
2025-11-08,72034.86681666666,48243.65971666667,23791.207099999992,57191.10387333334,-0.5840051076353995,0.0,False
2025-11-09,117877.67016666659,46530.852983333345,71346.81718333325,56614.702758888874,0.26021711157233507,2158.0588,True
2025-11-10,118420.10276666662,44561.65966666666,73858.44309999996,60349.502936666664,0.22384509409315523,2815.5094,True
2025-11-11,117957.86745000003,46398.84778333333,71559.0196666667,62791.86786444443,0.13962240813012394,24.6733,False
2025-11-12,117416.71383333333,46460.726083333306,70955.98775000003,59368.73130666666,0.19517439885113744,22.427300000000002,False
2025-11-13,117780.10726666663,45384.23595,72395.87131666663,57332.982408888885,0.26272641462032853,246.05630000000002,True
2025-11-14,71737.89309999999,44139.437799999985,27598.4553,59419.21832555556,-0.5355298154750345,0.0,False
2025-11-15,72466.97681666666,44255.089900000006,28211.886916666655,62480.68632777776,-0.5484702781806005,0.0,False
2025-11-16,118360.27023333324,43925.72584999999,74434.54438333325,56765.97877999999,0.3112527253658193,1631.0917,True
2025-11-17,117269.71064999995,44573.95631666666,72695.75433333329,56694.423030000005,0.28223818936945766,3.9786,True
2025-11-18,117783.68649999995,42893.13466666667,74890.55183333327,60575.840985555544,0.23631055904269008,927.1684,True
2025-11-19,118179.70134999994,42811.389749999995,75368.31159999996,59789.15808333333,0.2605682036022754,1473.4778999999999,True
2025-11-20,117846.45723333336,43053.38119999998,74793.07603333337,59689.71602444444,0.2530311922191711,488.5063,True
2025-11-21,71999.17709999997,43134.79303333334,28864.38406666663,59853.26449888889,-0.5177475396149451,0.0,False
2025-11-22,72549.91013333337,42330.08065,30219.829483333364,63780.12663000001,-0.5261873708930679,0.0,False
2025-11-23,117782.69220000003,42550.59591666668,75232.09628333335,57124.59952777777,0.316982471741452,625.5735,True
2025-11-24,117975.6878166666,43813.74411666667,74161.94369999993,59195.98545333333,0.25282049335026097,123.17490000000001,True
2025-11-25,117682.39221666665,41513.73174999999,76168.66046666665,70181.16176333334,0.0853148986550623,1015.7959,False
2025-11-26,117686.4367333333,40928.769850000004,76757.6668833333,65321.48916,0.17507527569252523,1368.6832,False
2025-11-27,117198.14165000002,41417.248916666664,75780.89273333336,62945.93147888888,0.2039045408160991,406.2806,True
2025-11-28,72239.02128333332,41317.78273333334,30921.23854999998,63316.73729999998,-0.5116419470022188,0.0,False
2025-11-29,72156.19988333335,37226.749783333325,34929.450100000024,70556.95560111111,-0.5049467511400114,0.0,False
2025-11-30,118008.83443333332,37764.00631666666,80244.82811666667,62919.64851999997,0.2753540428815273,3603.3406999999997,True
2025-12-01,125291.39163333336,38992.4639,86298.92773333336,69153.18016111109,0.24793867082145182,6668.0463,True
2025-12-02,125400.62360000002,36762.813650000004,88637.80995000002,72828.85622111111,0.21706991636518827,2681.2466,True
2025-12-03,124622.93113333329,37460.18256666667,87162.74856666662,63729.57368444445,0.36769702867072374,1301.8745,True
2025-12-04,125336.25094999997,38565.04220000001,86771.20874999996,71529.73492666666,0.21307885229770654,931.0285,True
2025-12-05,78868.07108333331,37556.4434,41311.62768333332,70381.75393333334,-0.41303497888864327,0.0,False
2025-12-06,79470.82115000002,35806.19033333332,43664.6308166667,70372.81775666666,-0.37952419401978255,0.0,False
2025-12-07,125067.46291666671,37414.78166666667,87652.68125000005,72295.76036,0.21241800091083587,856.2184,True
2025-12-08,124410.35393333327,36563.14281666665,87847.21111666661,75429.65834555554,0.16462427436996,621.43,False
2025-12-09,124694.68108333329,37306.226816666654,87388.45426666664,74950.20576111111,0.16595349377958982,324.6997,False
2025-12-10,124378.76451666663,35991.14605,88387.61846666664,71636.29444555554,0.23383850533813286,124.02040000000001,True
2025-12-11,123787.79896666657,37826.544266666686,85961.25469999987,75365.04246555554,0.14059850413123795,18.8883,False
2025-12-12,78661.70368333337,34947.2902,43714.41348333337,75115.35304777777,-0.4180362374716067,0.0,False
2025-12-13,78840.15755000002,35041.62416666666,43798.53338333336,73465.82298333332,-0.4038243688732701,0.0,False
2025-12-14,124522.58585000002,35743.86404999999,88778.72180000003,69199.94803444445,0.28293046919356357,871.4647,True
2025-12-15,124305.22548333334,34835.667516666676,89469.55796666667,72625.17173222221,0.2319359229407643,935.4239,True
2025-12-16,124646.94338333338,35228.85205,89418.09133333337,77951.12343555555,0.14710458800838064,389.191,False
2025-12-17,124466.55465000003,36274.70758333334,88191.8470666667,78712.02931888888,0.12043670871922126,0.0,False
2025-12-18,124315.3592666666,36949.09229999999,87366.2669666666,74266.14105555555,0.17639432620191445,223.7498,False
2025-12-19,78593.32543333336,35684.93413333334,42908.39130000002,74348.76256444445,-0.4228768600848247,0.0,False
2025-12-20,78668.52011666667,35812.167866666656,42856.35225000001,73913.18892999999,-0.4201799046907931,0.0,False
2025-12-21,124376.4409666666,35338.65910000001,89037.7818666666,73793.78303222221,0.20657565187826268,148.5132,True
2025-12-22,124718.45381666663,35781.02673333332,88937.42708333331,74851.44571999999,0.1881858289821864,117.6587,False
2025-12-23,123956.6545666666,36698.56203333335,87258.09253333326,77121.68864666666,0.1314338944665303,9.4373,False
2025-12-24,123954.37128333331,36099.81196666665,87854.55931666665,76040.16652222222,0.15537042243314594,2.8921,False
2025-12-25,123789.8579,35977.40936666666,87812.44853333334,72758.71853555554,0.20689932836600722,13.782,True
2025-12-26,78270.30764999996,35262.68521666668,43007.62243333328,74655.90019444443,-0.4239219898049837,0.0,False
2025-12-27,78409.18393333335,35070.37486666667,43338.809066666676,73258.86887333333,-0.40841553066290565,0.0,False
2025-12-28,123511.26974999999,36702.01499999999,86809.25475,72188.97732333333,0.20252783691868453,21.522,True
2025-12-29,123677.30638333333,36153.54011666667,87523.76626666666,74124.95497,0.18075979003413148,0.0,False
2025-12-30,123526.50904999998,37302.10645000001,86224.40259999997,75119.68160555554,0.14782705087534842,0.0,False
2025-12-31,123791.70508333329,35145.28215000001,88646.42293333329,77085.65807666667,0.14997296702284996,491.8734,False
