date,relL_max,relP_max,L_hits,slot_frac,eps,is_emergency_day,P_hits
2025-01-01,0.0,0.0,0,0.0,0.2491991318422983,True,0
2025-01-02,0.21034436118700453,1.2531645569620251,0,0.0,-0.012868859401818757,False,0
2025-01-03,0.5399257668523303,1.0926640926640925,112,0.7777777777777778,-0.5022033217148928,False,0
2025-01-04,0.5518262039491908,1.3559322033898304,106,0.7361111111111112,-0.3995153132310215,False,0
2025-01-05,0.4167188414602118,1.2100456621004567,65,0.4513888888888889,0.3491460306172039,True,0
2025-01-06,0.09647101270679355,1.6884615384615382,0,0.0,0.23990037411424336,True,0
2025-01-07,0.09206269252351142,1.714975845410628,0,0.0,0.2473133433779398,True,0
2025-01-08,0.12604585412579,1.836565096952909,0,0.0,0.06660709097635067,False,0
2025-01-09,0.11784091555143397,1.7431952662721895,0,0.0,0.1556334874310927,False,0
2025-01-10,0.16450679321132228,2.3963133640552994,0,0.0,-0.4698478177804215,False,0
2025-01-11,0.15710013944272522,1.9356388088376564,0,0.0,-0.412932234813843,False,0
2025-01-12,0.09116148373679069,2202600.0,0,0.0,0.20022739212369198,True,0
2025-01-13,0.10149826420610278,4693000.0,0,0.0,0.14516467569290423,False,0
2025-01-14,0.12903514877067424,5907900.0,0,0.0,0.1678636452394788,False,0
2025-01-15,0.0847629526108459,8996800.0,0,0.0,0.2140658675022598,True,0
2025-01-16,0.10723337394824496,13517599.999999998,0,0.0,0.1944891844321544,False,0
2025-01-17,0.18593524740731215,16435400.000000002,0,0.0,-0.44589714479348225,False,0
2025-01-18,0.1380894774047325,21555400.0,0,0.0,-0.44077771214736167,False,0
2025-01-19,0.11554735282824455,23482000.0,0,0.0,0.24924583007977347,True,0
2025-01-20,0.08857097292727781,1521200.0000000002,0,0.0,0.18572792911907593,False,0
2025-01-21,0.10007320812623717,1492800.0,0,0.0,0.12064532022907472,False,0
2025-01-22,0.10166596251052436,132700.00000000003,0,0.0,0.14434259476485478,False,0
2025-01-23,0.09812671660116667,4.75,0,0.0,0.19985865426645127,False,0
2025-01-24,0.14811340191014383,2.8879668049792535,0,0.0,-0.44544083122772576,False,0
2025-01-25,0.12592367475721525,1100.0000000000002,0,0.0,-0.4340008025306442,False,0
2025-01-26,0.10837101080343406,1100.0000000000002,0,0.0,0.1277835497361347,False,0
2025-01-27,0.08509666563858581,1300.0,0,0.0,0.1956835450374799,False,0
2025-01-28,0.09487380954312964,1500.0,0,0.0,0.1394553919960909,False,0
2025-01-29,0.08389121338912123,1700.0,0,0.0,0.17947548329896187,False,0
2025-01-30,0.1074409647093934,1700.0,0,0.0,0.20637247695499253,True,0
2025-01-31,0.14156297408998542,2000.0000000000002,0,0.0,-0.4521394826861531,False,0
2025-02-01,0.2301940641112146,1500.0,0,0.0,-0.5032811404900441,False,0
2025-02-02,0.11085214103510332,1.4478205974530376,0,0.0,0.13955486050625185,False,0
2025-02-03,0.16491887266612149,1.788188104348931,0,0.0,0.08281011376794753,False,0
2025-02-04,0.12459768612632732,9503900.0,0,0.0,0.06879780952740205,False,0
2025-02-05,0.1086273166155531,16614300.0,0,0.0,0.14086381012545537,False,0
2025-02-06,0.11092866779083807,26710500.0,0,0.0,0.05484572483467231,False,0
2025-02-07,0.15981878785910594,39347700.00000001,0,0.0,-0.5591687187291728,False,0
2025-02-08,0.1978303557057782,50830199.99999999,0,0.0,-0.4832649697836648,False,0
2025-02-09,0.15800290047296656,65906600.0,0,0.0,0.16384985851469205,False,0
2025-02-10,0.09984948504588904,77625100.0,0,0.0,0.10998058649217922,False,0
2025-02-11,0.12268907563025216,89127100.0,0,0.0,0.1133454138125099,False,0
2025-02-12,0.11007048106402048,3158000.0,0,0.0,0.11706700986173582,False,0
2025-02-13,0.15271083909965047,4229200.0,0,0.0,0.14930408276881788,False,0
2025-02-14,0.15270740192107046,20900.0,0,0.0,-0.5372001070708017,False,0
2025-02-15,0.14412048097356236,1700.0,0,0.0,-0.5317071790401875,False,0
2025-02-16,0.0762827291779895,1900.0,0,0.0,0.1688167570260358,False,0
2025-02-17,0.09096357982151858,2200.0000000000005,0,0.0,0.05481317748229434,False,0
2025-02-18,0.09994601270106288,2500.0,0,0.0,0.22959606545453895,True,0
2025-02-19,0.11887431954670395,7500000.0,0,0.0,0.24188093791918666,True,0
2025-02-20,0.11566807017727883,23737500.0,0,0.0,0.14820521193745032,False,0
2025-02-21,0.12623809730555205,39000000.0,0,0.0,-0.576174354720033,False,0
2025-02-22,0.128607710688348,60712499.99999999,0,0.0,-0.528235119464715,False,0
2025-02-23,0.08733761570507732,84150000.00000001,0,0.0,0.2308729766897443,True,0
2025-02-24,0.0896761515447449,104400000.0,0,0.0,0.17802779082399212,False,0
2025-02-25,0.09334436547640687,120750000.0,0,0.0,0.08920012812208797,False,0
2025-02-26,0.07436052728662314,143475000.0,0,0.0,0.2834217989687809,True,0
2025-02-27,0.09405331741857373,25210700.0,0,0.0,0.2193899306761707,True,0
2025-02-28,0.12422194450174137,37110100.00000001,0,0.0,-0.5804181142461216,False,0
2025-03-01,0.18061949680097766,38594900.00000001,0,0.0,-0.6248166477265109,False,0
2025-03-02,0.12569877797163947,46116300.00000001,0,0.0,0.19376409344645176,False,0
2025-03-03,0.15565778962666396,3166400.0,0,0.0,0.09322117274351219,False,0
2025-03-04,0.09603846540892831,1300.0,0,0.0,0.22049820852699736,True,0
2025-03-05,0.13986525720467402,1500.0,0,0.0,0.10137717341329969,False,0
2025-03-06,0.1171661044113755,1700.0,0,0.0,0.1938215667857956,False,0
2025-03-07,0.2430148593914916,1500.0,0,0.0,-0.6544168740582904,False,0
2025-03-08,0.1976566944179921,1400.0,0,0.0,-0.6295946849988588,False,0
2025-03-09,0.12337797754132178,1100.0000000000002,0,0.0,0.14158370499341397,False,0
2025-03-10,0.12029080763692766,11398600.0,0,0.0,0.22685265164283064,True,0
2025-03-11,0.1169401344015748,22253700.0,0,0.0,0.3734260351021885,True,0
2025-03-12,0.10482058226374488,40291700.0,0,0.0,0.11989689142783884,False,0
2025-03-13,0.09493709463020417,51853300.0,0,0.0,0.20968026823303335,True,0
2025-03-14,0.17176524431843532,73940100.0,0,0.0,-0.6665881118402975,False,0
2025-03-15,0.1614878825440817,87187900.0,0,0.0,-0.5969763991791697,False,0
2025-03-16,0.10195772049020338,86611400.0,0,0.0,0.2922575717545861,True,0
2025-03-17,0.08794434434339898,122419600.00000001,0,0.0,0.19956460397294837,False,0
2025-03-18,0.10075811881389021,4424600.0,0,0.0,0.08085641286462064,False,0
2025-03-19,0.09048751630945301,416299.99999999994,0,0.0,0.37762914745698106,True,0
2025-03-20,0.08311655114937906,2100.0,0,0.0,0.21107325434240007,True,0
2025-03-21,0.1190277306464104,2300.0,0,0.0,-0.7545619933903424,False,0
2025-03-22,0.09915414409088243,2700.0000000000005,0,0.0,-0.6761584418440133,False,0
2025-03-23,0.0633161165740212,13237500.0,0,0.0,0.17493633794504404,False,0
2025-03-24,0.12483273639231368,31350000.0,0,0.0,0.1809149635040274,False,0
2025-03-25,0.09986360689427386,45375000.0,0,0.0,0.08195815557930171,False,0
2025-03-26,0.09544139003002748,67537500.0,0,0.0,0.20784823621395285,True,0
2025-03-27,0.11145810009781151,85537500.0,0,0.0,0.17587881116491966,False,0
2025-03-28,0.1293628010595968,109762500.00000001,0,0.0,-0.7730316703125272,False,0
2025-03-29,0.10864573698242559,132037500.0,0,0.0,-0.8034310477238069,False,0
2025-03-30,0.08949843804290376,149587500.0,0,0.0,0.20096131469314485,True,0
2025-03-31,0.08905335647071064,30183900.0,0,0.0,0.40904699602264,True,0
2025-04-01,0.10173902702519506,39841300.0,0,0.0,0.13628839261103565,False,0
2025-04-02,0.08124401515466936,48117400.0,0,0.0,0.2256964759159705,True,0
2025-04-03,0.0947951177081431,2882600.0,0,0.0,0.1099898440652001,False,0
2025-04-04,0.13043888558196245,1400.0,0,0.0,-0.8449454035793037,False,0
2025-04-05,0.11716865507405352,1400.0,0,0.0,-0.694315851854655,False,0
2025-04-06,0.09184743007678943,1600.0000000000002,0,0.0,0.24149706780284952,True,0
2025-04-07,0.092858173386392,1800.0,0,0.0,0.35405379590356334,True,0
2025-04-08,0.0947655011176789,1100.0000000000002,0,0.0,0.13863064432337485,False,0
2025-04-09,0.09564580091984444,2.1296619337220424,0,0.0,0.2814722852958091,True,0
2025-04-10,0.10375701842073669,12023699.999999998,0,0.0,0.22605737306707238,True,0
2025-04-11,0.1344443693046375,19348300.0,0,0.0,-0.8386430877979825,False,0
2025-04-12,0.1295356323314565,36224600.00000001,0,0.0,-0.8059886249904271,False,0
2025-04-13,0.09859676896147454,43320300.00000001,0,0.0,0.3953036218825188,True,0
2025-04-14,0.10770103330031505,58949100.00000001,0,0.0,0.15623188793288953,False,0
2025-04-15,0.09759820686775088,73244000.0,0,0.0,0.3626430694669399,True,0
2025-04-16,0.08583983161754503,91216700.0,0,0.0,0.2869954218340013,True,0
2025-04-17,0.07988460370482828,100351300.0,0,0.0,0.42339042729660775,True,0
2025-04-18,0.11964655558215281,3628200.0000000005,0,0.0,-0.8326201590752338,False,0
2025-04-19,0.14759780459033017,4718800.0,0,0.0,-0.8284602915115887,False,0
2025-04-20,0.09858737253763251,1800.0,0,0.0,0.4667509658892616,True,0
2025-04-21,0.10094977380311818,2400.0,0,0.0,0.1497954037569461,False,0
2025-04-22,0.07453034347448985,2400.0,0,0.0,0.49939144499633475,True,0
2025-04-23,0.09044794436490078,3300000.0,0,0.0,0.5640826862460211,True,0
2025-04-24,0.07082672005342154,15675000.0,0,0.0,0.3612140891919302,True,0
2025-04-25,0.1111937187012185,30187500.0,0,0.0,-0.9395408371300676,False,0
2025-04-26,0.14451715409059093,47550000.0,0,0.0,-0.9976616012381021,False,0
2025-04-27,0.123037288051822,57375000.0,0,0.0,0.580148169098825,True,0
2025-04-28,0.08549292925263496,73612500.0,0,0.0,0.2634374204578166,True,0
2025-04-29,0.0777860405735653,88425000.0,0,0.0,0.34167872295376955,True,0
2025-04-30,0.10385548814120242,112200000.00000001,0,0.0,0.5068748039792278,True,0
2025-05-01,0.193465601557961,19254800.0,0,0.0,0.47073187905756664,True,0
2025-05-02,0.33419997170680593,22220800.0,0,0.0,-0.6904329401524287,False,0
2025-05-03,0.326673670062799,26116800.000000004,0,0.0,-0.7749823167235786,False,0
2025-05-04,0.20109430201034487,36083000.0,0,0.0,0.40844713897456736,True,0
2025-05-05,0.15705069382682113,2025900.0000000002,0,0.0,0.35275286139803663,True,0
2025-05-06,0.264951456610581,11300.0,0,0.0,0.6244705661157735,True,0
2025-05-07,0.18385126193641418,4.997369113391214,0,0.0,0.542582514692283,True,0
2025-05-08,0.226955195886417,1100.0000000000002,0,0.0,0.3075021585070946,True,0
2025-05-09,0.2307404898683152,1100.0000000000002,0,0.0,-0.814697813446004,False,0
2025-05-10,0.22257202823888567,1500.0,0,0.0,-0.7070154607375588,False,0
2025-05-11,0.21715392536423625,1600.0000000000002,0,0.0,0.4561570427270349,True,0
2025-05-12,0.17240104194725056,1400.0,0,0.0,0.5320948219208187,True,0
2025-05-13,0.14532135168984556,1200.0,0,0.0,0.2279656577895401,True,0
2025-05-14,0.14555953115360892,1.5497591540016942,0,0.0,0.2899314503564871,True,0
2025-05-15,0.09787458119470185,2529700.0,0,0.0,0.3266524521918442,True,0
2025-05-16,0.21931596069142562,8702800.0,0,0.0,-0.9261904469787008,False,0
2025-05-17,0.20507196731060792,12493099.999999998,0,0.0,-0.7516070624000272,False,0
2025-05-18,0.11738488292078897,19318800.0,0,0.0,0.28017272412897876,True,0
2025-05-19,0.18436001604865468,30562699.999999996,0,0.0,0.23651220593287384,True,0
2025-05-20,0.16153283713252706,36605700.0,0,0.0,0.43104937402457894,True,0
2025-05-21,0.14805699270147699,40557200.0,0,0.0,0.5070363563442718,True,0
2025-05-22,0.12856002951604106,45457400.0,0,0.0,0.38172703535170077,True,0
2025-05-23,0.16595524665356465,1654600.0000000002,0,0.0,-0.8432998789907151,False,0
2025-05-24,0.1381670397846157,1982900.0000000002,0,0.0,-0.8839624702632168,False,0
2025-05-25,0.1103340806413261,2057900.0000000002,0,0.0,0.3617073214670749,True,0
2025-05-26,0.10805707004411116,2263500.0,0,0.0,0.49355141822680393,True,0
2025-05-27,0.09771887338330182,4.809523809523809,0,0.0,0.4886104750414536,True,0
2025-05-28,0.11577289000375851,2.650980392156863,0,0.0,0.28054857312004894,True,0
2025-05-29,0.13987032563845306,1200.0,0,0.0,0.3550592357120738,True,0
2025-05-30,0.21741709669891546,1300.0,0,0.0,-0.8491386305304592,False,0
2025-05-31,0.1946781066944116,1400.0,0,0.0,-0.8080220514004848,False,0
2025-06-01,0.2615125268848456,1200.0,0,0.0,0.3681602300197511,True,0
2025-06-02,0.26437921287740884,0.3999999999999998,1,0.006944444444444444,0.20624131229002698,True,0
2025-06-03,0.2492162420649023,1000.0000000000001,0,0.0,0.3372442694498472,True,0
2025-06-04,0.2704730048614638,1300.0,0,0.0,0.12869536272117105,False,0
2025-06-05,0.29527249390523075,1300.0,0,0.0,0.3772580303987721,True,0
2025-06-06,0.32923255055436107,1300.0,1,0.020833333333333332,-0.47666234853785555,False,2
2025-06-07,0.3840411050986456,1200.0,0,0.0,-0.49463337772939475,False,0
2025-06-08,0.2399410960356174,0.32809817743526076,0,0.0,0.36227917200715176,True,0
2025-06-09,0.2582758434908709,0.27272727272727265,0,0.0,0.17981475996840976,False,0
2025-06-10,0.2187752781312376,0.26362862010221466,0,0.0,0.30797211923606005,True,0
2025-06-11,0.2092476159802837,0.2703992740471869,0,0.0,0.2600459981506349,True,0
2025-06-12,0.238972357913375,637500.0,0,0.0,0.2233770097208767,True,0
2025-06-13,0.3635261685652897,2250000.0,0,0.0,-0.5298624093339912,False,0
2025-06-14,0.3727355224683225,3450000.0,0,0.0,-0.5557720810442768,False,0
2025-06-15,0.11686774170974863,5287500.0,0,0.0,0.3590705081674151,True,0
2025-06-16,0.0996628370039571,5625000.0,0,0.0,0.23554005544039414,True,0
2025-06-17,0.11024358802602553,6450000.000000001,0,0.0,0.2323318508230319,True,0
2025-06-18,0.0987873318693213,8250000.0,0,0.0,0.1639919560665025,False,0
2025-06-19,0.18539145408947713,7612499.999999999,0,0.0,0.20212205524864,True,0
2025-06-20,0.16179669303423513,12.70588235294118,0,0.0,-0.6209831313569949,False,0
2025-06-21,0.1291287551283863,3.0416666666666665,0,0.0,-0.6200490623461081,False,0
2025-06-22,0.11629644360239129,1.9021739130434785,0,0.0,0.31466329500953216,True,0
2025-06-23,0.1594878591698192,0.902439024390244,0,0.0,0.21720092621054188,True,0
2025-06-24,0.09009276419337048,0.637096774193548,0,0.0,0.1510690948181343,False,0
2025-06-25,0.11441878214400354,0.3020134228187918,0,0.0,0.22817754814453106,True,0
2025-06-26,0.09898156677258119,0.2238254335572102,0,0.0,0.2519542243563195,True,0
2025-06-27,0.16690586225547158,0.35567010309278346,0,0.0,-0.650000136659311,False,0
2025-06-28,0.13045934334058248,0.45360824742268036,0,0.0,-0.5867458513000361,False,0
2025-06-29,0.14401807399586886,0.61340206185567,0,0.0,0.4037282860095675,True,0
2025-06-30,0.22470988900100908,0.8247422680412372,0,0.0,0.20294399899159257,True,0
2025-07-01,0.2608169270128843,0.9896907216494845,4,0.027777777777777776,0.6223142303994859,True,0
2025-07-02,0.28227243579241507,1.0,4,0.027777777777777776,0.594350415552169,True,0
2025-07-03,0.2904213091390011,1.0,7,0.04861111111111111,0.4549622606661928,True,0
2025-07-04,0.4415807116595185,1.0,8,0.05555555555555555,-0.3903511508380865,False,0
2025-07-05,0.32384788767347233,1.0,6,0.041666666666666664,-0.3513843582371893,False,0
2025-07-06,0.2929231327108351,1.0,5,0.034722222222222224,0.6345473710972535,True,0
2025-07-07,0.3244058573659759,1.0,6,0.041666666666666664,0.3630139688684694,True,0
2025-07-08,0.2260835581463017,1.0,0,0.0,0.3002344599819949,True,0
2025-07-09,0.23024877227317364,1.0,0,0.0,0.24554416662813233,True,0
2025-07-10,0.28267338188921415,0.35294117647058815,5,0.034722222222222224,0.3631384554218199,True,0
2025-07-11,0.35870250655495267,0.3591263650546022,1,0.006944444444444444,-0.48186085030877907,False,0
2025-07-12,0.3037826229569073,0.3125,0,0.0,-0.3863893019547237,False,0
2025-07-13,0.2516184962714523,0.2760100942560599,0,0.0,0.18148774704280682,False,0
2025-07-14,0.2664606407864553,0.375,1,0.006944444444444444,0.2190339706828111,True,0
2025-07-15,0.16774030160009207,1.0,0,0.0,0.1539818544471538,False,0
2025-07-16,0.13688736336737112,1.0,0,0.0,0.18586438998968446,False,0
2025-07-17,0.17171471039742672,1.0,0,0.0,0.23524075622914928,True,0
2025-07-18,0.1663189742463612,1.0,0,0.0,-0.5490558232217138,False,0
2025-07-19,0.1697605690111723,1.0,0,0.0,-0.576570818024414,False,0
2025-07-20,0.11558863034454499,1.0,0,0.0,0.1762947481320024,False,0
2025-07-21,0.1321032617841545,1.0,0,0.0,0.14390298117988998,False,0
2025-07-22,0.11946893066715204,1.0,0,0.0,0.21981965490467759,True,0
2025-07-23,0.09493858205348228,1.0,0,0.0,0.055976870364802485,False,0
2025-07-24,0.10034251407213439,0.8536585365853658,0,0.0,0.05968983255645557,False,0
2025-07-25,0.14318219012663233,0.859504132231405,0,0.0,-0.5527553524446888,False,0
2025-07-26,0.14524070910283796,279000.00000000006,0,0.0,-0.5425913890056854,False,0
2025-07-27,0.12533539229293983,616000.0,0,0.0,0.24814893596544504,True,0
2025-07-28,0.14298581404613142,1494900.0,0,0.0,0.20401466439674631,True,0
2025-07-29,0.13107317310285552,2156100.0,0,0.0,0.23768731832162404,True,0
2025-07-30,0.09078067986732168,2501300.0,0,0.0,0.36227972249686896,True,0
2025-07-31,0.11801093635832621,3096299.9999999995,0,0.0,0.26981304837212294,True,0
2025-08-01,0.1526380947149651,4042500.0000000005,0,0.0,-0.636754292409404,False,0
2025-08-02,0.2201437960206257,3949500.0,0,0.0,-0.6693947848862888,False,0
2025-08-03,0.09262072803399025,3707300.0,0,0.0,0.37796449911697255,True,0
2025-08-04,0.13041343509248526,1200.0,0,0.0,0.21938175529988305,True,0
2025-08-05,0.13564540503952052,1000.0000000000001,0,0.0,0.25504840815741486,True,0
2025-08-06,0.13614761868891875,1100.0000000000002,0,0.0,0.1508690272917263,False,0
2025-08-07,0.12437198571834862,0.509510657714227,0,0.0,0.03420388681022314,False,0
2025-08-08,0.15556512655170188,0.5215292264815258,0,0.0,-0.682101327218081,False,0
2025-08-09,0.1600495197301706,0.6182526133857967,0,0.0,-0.637741886657167,False,0
2025-08-10,0.09354595710782262,0.6175753986518647,0,0.0,0.26097012733529307,True,0
2025-08-11,0.12998769160517842,0.6487167028883212,0,0.0,0.21899844876504698,True,0
2025-08-12,0.10165334181880868,0.7607187217756401,0,0.0,0.14154204991068572,False,0
2025-08-13,0.11940630814633736,0.8203125,0,0.0,0.2817903453906396,True,0
2025-08-14,0.1637827986709657,0.899268429938098,0,0.0,0.23973817566653371,True,0
2025-08-15,0.16968261939639262,888700.0000000001,0,0.0,-0.727076883297821,False,0
2025-08-16,0.13964451334923852,1332200.0,0,0.0,-0.7070533355293893,False,0
2025-08-17,0.128925756604125,2597300.0000000005,0,0.0,0.17848574146945467,False,0
2025-08-18,0.10821287514177588,4714100.0,0,0.0,0.1980134787905012,False,0
2025-08-19,0.1511452860263298,6860400.000000001,0,0.0,0.2182763687887251,True,0
2025-08-20,0.13258631451487082,6814600.0,0,0.0,0.15881795881361127,False,0
2025-08-21,0.09384840012166734,5871400.000000001,0,0.0,0.15029141482740385,False,0
2025-08-22,0.14476071810413546,5748000.000000001,0,0.0,-0.6225604452215939,False,0
2025-08-23,0.1423024320219163,5317300.000000001,0,0.0,-0.5619915381254544,False,0
2025-08-24,0.1077003534405632,1700.0,0,0.0,0.2887327078005243,True,0
2025-08-25,0.1287941951729826,1300.0,0,0.0,-0.04371539926188117,False,0
2025-08-26,0.17784962128209864,1.0,0,0.0,0.22952550946326924,True,0
2025-08-27,0.10752642066803732,1.0,0,0.0,0.24443642337345795,True,0
2025-08-28,0.13715910913079893,1.0,0,0.0,0.3159392270531514,True,0
2025-08-29,0.1477865254499383,1.0,0,0.0,-0.6472862691279928,False,0
2025-08-30,0.16835373053847247,1.0,0,0.0,-0.6691566463236028,False,0
2025-08-31,0.19498852433362893,1.0,0,0.0,0.3294475559129107,True,0
2025-09-01,0.2552522904356851,547400.0,9,0.0625,-0.14650151763427016,False,0
2025-09-02,0.23661146857711682,2278600.0,9,0.0625,0.03085670740421063,False,0
2025-09-03,0.2668548044475067,3369600.0000000005,10,0.06944444444444445,-0.0180439259332575,False,0
2025-09-04,0.25613621417210575,3819800.0,15,0.10416666666666667,0.008731345389537843,False,0
2025-09-05,0.2795820453929321,4683600.0,3,0.020833333333333332,-0.8585490032775839,False,0
2025-09-06,0.33141830933029187,4082200.0000000005,9,0.0625,-0.830844620236563,False,0
2025-09-07,0.27238443105906673,3807200.0,15,0.10416666666666667,0.220705137151139,True,0
2025-09-08,0.23148159452166492,3773600.0000000005,3,0.020833333333333332,0.07200361769370428,False,0
2025-09-09,0.2583799452904912,15400.000000000002,6,0.041666666666666664,0.2161494897207171,True,0
2025-09-10,0.23408872714282516,1.0,5,0.034722222222222224,0.1082904965099418,False,0
2025-09-11,0.24042139238420177,0.7157585394004344,2,0.013888888888888888,-0.0050211409274975435,False,0
2025-09-12,0.2892942096509956,0.7298956951489141,2,0.013888888888888888,-0.7359835082815616,False,0
2025-09-13,0.32681172519953766,0.7227635583241152,8,0.05555555555555555,-0.7944403782376918,False,0
2025-09-14,0.22535618271610797,0.7757965689923126,2,0.013888888888888888,0.13996360803527286,False,0
2025-09-15,0.13608360776789036,0.87602912663191,0,0.0,0.3761508397086964,True,0
2025-09-16,0.08210024325132632,1.0,0,0.0,0.11052697208059228,False,0
2025-09-17,0.12160098692124807,1653899.9999999998,0,0.0,0.21062104518432445,True,0
2025-09-18,0.14767977387979056,3962500.0,0,0.0,0.4108667457708155,True,0
2025-09-19,0.18677493892417504,5342800.000000001,0,0.0,-0.6689024017056465,False,0
2025-09-20,0.2251948897744379,6576400.0,0,0.0,-0.635344885709821,False,0
2025-09-21,0.1364961913755375,6774400.0,0,0.0,0.25756677440394077,True,0
2025-09-22,0.14120176154003705,6184800.0,0,0.0,0.13193747600490108,False,0
2025-09-23,0.1592383058743082,5196100.000000001,0,0.0,0.19534117527906342,False,0
2025-09-24,0.10629766471261286,4768900.000000001,0,0.0,0.46675110274988757,True,0
2025-09-25,0.1483295930499648,1300.0,0,0.0,0.23708271017677307,True,0
2025-09-26,0.16180873449789096,1.0,0,0.0,-0.6875730617159621,False,0
2025-09-27,0.1429058961730765,1.0,0,0.0,-0.5605873655035584,False,0
2025-09-28,0.10670866455621757,1.0,0,0.0,0.3807504338013972,True,0
2025-09-29,0.12019233353580847,1.0,0,0.0,0.19296459184945694,False,0
2025-09-30,0.09168322755732211,1.0,0,0.0,0.28621515961550203,True,0
2025-10-01,0.14755450602565293,1.0,0,0.0,0.04435648248166664,False,0
2025-10-02,0.16590892033181198,1225800.0,0,0.0,-0.04562960161721734,False,0
2025-10-03,0.2853776058967922,2269900.0,0,0.0,-0.827935726738493,False,0
2025-10-04,0.24786140589316927,3674800.0,0,0.0,-0.7609353982982838,False,0
2025-10-05,0.15688426186361393,5027100.0,0,0.0,0.09914422042363939,False,0
2025-10-06,0.1520503876446734,5948700.0,0,0.0,0.40777216830266333,True,0
2025-10-07,0.1611359309592659,4883200.000000001,0,0.0,0.2531479754185035,True,0
2025-10-08,0.1386893148132499,4550200.0,0,0.0,0.2837837888981454,True,0
2025-10-09,0.11980427679550659,4404900.0,0,0.0,0.038232850103463376,False,0
2025-10-10,0.2204603524470616,1200.0,0,0.0,-0.8176360065167708,False,0
2025-10-11,0.20704009635110937,1100.0000000000002,0,0.0,-0.7138514711406927,False,0
2025-10-12,0.13400086993253274,1.0,0,0.0,0.33810675648661265,True,0
2025-10-13,0.13291772670046823,1.0,0,0.0,0.17544154701444545,False,0
2025-10-14,0.13950652012296802,1.0,0,0.0,0.18616804503278908,False,0
2025-10-15,0.07900303582965061,1.0,0,0.0,0.14730012131013623,False,0
2025-10-16,0.15294078165224032,1.0,0,0.0,0.25951935329021003,True,0
2025-10-17,0.1534302892393324,1.0,0,0.0,-0.6030038323174949,False,0
2025-10-18,0.11765843096315189,1751800.0,0,0.0,-0.6813000233734977,False,0
2025-10-19,0.09042360970489678,3187300.0,0,0.0,0.31442919249307094,True,0
2025-10-20,0.08093667869681988,4875800.0,0,0.0,0.1577674637296017,False,0
2025-10-21,0.08148223423078772,6836600.0,0,0.0,0.215857025881475,True,0
2025-10-22,0.10926693892203973,9036900.0,0,0.0,0.2632881141819075,True,0
2025-10-23,0.08085297923817038,6959000.0,0,0.0,0.01371324641567711,False,0
2025-10-24,0.11790723233043741,6892500.0,0,0.0,-0.6412249300964132,False,0
2025-10-25,0.13698767848508406,6284500.000000001,0,0.0,-0.6407279035648608,False,0
2025-10-26,0.09531272348496009,2100.0,0,0.0,0.20185362170043902,True,0
2025-10-27,0.06682183120398073,1800.0,0,0.0,0.2666508715057329,True,0
2025-10-28,0.08651034701297013,1.0,0,0.0,0.31727344803865176,True,0
2025-10-29,0.10014428813230107,1.0,0,0.0,0.18926554511694516,False,0
2025-10-30,0.08638105191690816,1.0,0,0.0,0.30551401950204904,True,0
2025-10-31,0.14956093373598794,1.0,0,0.0,-0.5935637099638553,False,0
2025-11-01,0.16136477240776034,1.0,0,0.0,-0.5617267780412495,False,0
2025-11-02,0.09529490820445195,1.0,0,0.0,0.317594725120761,True,0
2025-11-03,0.11508420030292424,1.0,0,0.0,0.15258943026912525,False,0
2025-11-04,0.07776522361278539,602400.0000000001,0,0.0,0.23974392110044235,True,0
2025-11-05,0.08083790243216646,1388500.0000000002,0,0.0,0.11205225904964652,False,0
2025-11-06,0.10672295149196168,2040200.0,0,0.0,0.23447892272190182,True,0
2025-11-07,0.12414652890444874,3142600.0,0,0.0,-0.5838231273504662,False,0
2025-11-08,0.18520066284179193,4713700.0,0,0.0,-0.5840051076353995,False,0
2025-11-09,0.08882383937724297,5669900.0,0,0.0,0.26021711157233507,True,0
2025-11-10,0.08206805073210957,4790800.0,0,0.0,0.22384509409315523,True,0
2025-11-11,0.07675841550934226,4843100.0,0,0.0,0.13962240813012394,False,0
2025-11-12,0.08872835992781404,4404300.0,0,0.0,0.19517439885113744,False,0
2025-11-13,0.09162041511075568,1700.0,0,0.0,0.26272641462032853,True,0
2025-11-14,0.1602092668355088,1300.0,0,0.0,-0.5355298154750345,False,0
2025-11-15,0.13209457059057547,1200.0,0,0.0,-0.5484702781806005,False,0
2025-11-16,0.08311424881345734,0.5601478400307125,0,0.0,0.3112527253658193,True,0
2025-11-17,0.11877535091158349,1.0,0,0.0,0.28223818936945766,True,0
2025-11-18,0.10343195017254458,1.0,0,0.0,0.23631055904269008,True,0
2025-11-19,0.0858018680387898,1.0,0,0.0,0.2605682036022754,True,0
2025-11-20,0.08390005736960367,1.0,0,0.0,0.2530311922191711,True,0
2025-11-21,0.14644860965534248,1.0,0,0.0,-0.5177475396149451,False,0
2025-11-22,0.11471640378688401,1.0,0,0.0,-0.5261873708930679,False,0
2025-11-23,0.09034885971603908,1.0,0,0.0,0.316982471741452,True,0
2025-11-24,0.12873503651384546,1.0,0,0.0,0.25282049335026097,True,0
2025-11-25,0.07159351482724559,0.8222610722610723,0,0.0,0.0853148986550623,False,0
2025-11-26,0.0857494441709394,0.853448275862069,0,0.0,0.17507527569252523,False,0
2025-11-27,0.09106254253147333,1.0,0,0.0,0.2039045408160991,True,0
2025-11-28,0.13584751158329736,287400.0,0,0.0,-0.5116419470022188,False,0
2025-11-29,0.17275945778954382,1236900.0000000002,0,0.0,-0.5049467511400114,False,0
2025-11-30,0.10509941342341303,2033600.0,0,0.0,0.2753540428815273,True,0
2025-12-01,0.21700709608231097,2563300.0,0,0.0,0.24793867082145182,True,0
2025-12-02,0.23724973905665422,3700000.0000000005,0,0.0,0.21706991636518827,True,0
2025-12-03,0.1816812100865712,3613100.0,0,0.0,0.36769702867072374,True,0
2025-12-04,0.21656706091221434,4226100.0,0,0.0,0.21307885229770654,True,0
2025-12-05,0.2975093846696048,5479300.000000001,0,0.0,-0.41303497888864327,False,0
2025-12-06,0.2911303317808946,4970600.0,0,0.0,-0.37952419401978255,False,0
2025-12-07,0.1808140607268054,2400.0,0,0.0,0.21241800091083587,True,0
2025-12-08,0.20950404617757934,2400.0,0,0.0,0.16462427436996,False,0
2025-12-09,0.18328459237410769,2400.0,0,0.0,0.16595349377958982,False,0
2025-12-10,0.161287553760827,1.6825012118274356,0,0.0,0.23383850533813286,True,0
2025-12-11,0.1612187659874713,1.0,0,0.0,0.14059850413123795,False,0
2025-12-12,0.24065121383960072,1.0,0,0.0,-0.4180362374716067,False,0
2025-12-13,0.2747634640698231,1.0,0,0.0,-0.4038243688732701,False,0
2025-12-14,0.19139060046101758,1.0,0,0.0,0.28293046919356357,True,0
2025-12-15,0.06927402126706524,1.0,0,0.0,0.2319359229407643,True,0
2025-12-16,0.10058262208207067,1.0,0,0.0,0.14710458800838064,False,0
2025-12-17,0.11097475954363033,1.0,0,0.0,0.12043670871922126,False,0
2025-12-18,0.12841866116912176,1.0,0,0.0,0.17639432620191445,False,0
2025-12-19,0.12418449930251794,0.1716070060366245,0,0.0,-0.4228768600848247,False,0
2025-12-20,0.12167702012041129,0.179798426127992,0,0.0,-0.4201799046907931,False,0
2025-12-21,0.14343403510277375,0.13343769405751066,0,0.0,0.20657565187826268,True,0
2025-12-22,0.09011846224044293,0.12499999999999997,0,0.0,0.1881858289821864,False,0
2025-12-23,0.08941977420770071,0.09485354992780518,0,0.0,0.1314338944665303,False,0
2025-12-24,0.0751660967939498,0.12200117220169746,0,0.0,0.15537042243314594,False,0
2025-12-25,0.11914587942759933,0.10601976639712507,0,0.0,0.20689932836600722,True,0
2025-12-26,0.1135496251787857,0.14262747985382626,0,0.0,-0.4239219898049837,False,0
2025-12-27,0.13396699362314865,0.09105701483684282,0,0.0,-0.40841553066290565,False,0
2025-12-28,0.08930913893681205,0.15023396566067718,0,0.0,0.20252783691868453,True,0
2025-12-29,0.09629015574183251,0.22727272727272727,0,0.0,0.18075979003413148,False,0
2025-12-30,0.08101458033976862,0.16820009911940786,0,0.0,0.14782705087534842,False,0
2025-12-31,0.1336227555966917,750000.0,0,0.0,0.14997296702284996,False,0
