date,costA,QA,costC,costB,cons_err
2025-02-01,44016.90959114,0.0,51718.325553079165,78636.09424339,2.431647594043228
2025-02-02,85307.91371380104,9543.077877366257,83606.2646762875,157468.69559646503,0.14933429271874488
2025-02-03,81548.1861425779,7563.381890833331,85197.53244298248,80107.851490955,0.1896481158043015
2025-02-04,83347.34628055498,7601.017849999997,87181.852921565,136398.55977852,0.21131715369856183
2025-02-05,87338.48277883517,9830.9922600823,85481.68585042417,176760.29219224,0.14348357415174162
2025-02-06,84625.73352360833,8011.243099999998,86122.5319084925,208863.77577474003,0.24792661494040377
2025-02-07,46321.706165940006,0.0,51770.800483729996,80896.847218455,2.987538013526257
2025-02-08,38417.99966357,0.0,48936.58191320166,77750.8258133,2.2853677523941753
2025-02-09,87017.56042580974,10512.191571604933,83937.2256605825,91647.44357717,0.13300322274377302
2025-02-10,75524.69298077334,7572.280466666666,80064.83890019334,76858.018461665,0.16219953006938734
2025-02-11,86105.611677728,9816.461705333333,82657.85548984334,89940.66075745501,0.22057805118236484
2025-02-12,78005.64572411166,7902.066299999999,81543.49110641833,80821.678548065,0.15861930640262129
2025-02-13,75844.49012272486,8677.885201646086,77265.37889285582,79367.69068276,0.14251600226364836
2025-02-14,40850.568886990004,0.0,47518.45177176749,76010.99999543499,2.782203722262001
2025-02-15,39138.49260553,0.0,48495.65329588833,71123.75323262501,2.7055364857438833
2025-02-16,86585.820729445,10439.287566666664,81478.38444954582,69501.79588882001,0.14802496765081435
2025-02-17,71542.15004714683,6623.266840740738,77296.35666682916,72161.67656274501,0.24963273372878544
2025-02-18,83604.12319969629,12588.789426835388,76445.52079121166,73652.37932534501,0.13366406753652466
2025-02-19,87121.30072168334,13005.160222222225,78963.18111045915,73891.36682500501,0.12869576307230268
2025-02-20,76475.56319962001,8734.641833333335,76933.81716519332,72052.38559085,0.15043006667753198
2025-02-21,37978.218903639994,0.0,46212.67324545416,74191.93261825,3.236798043850293
2025-02-22,37171.108220480004,0.0,46596.537431958335,71156.00346761,2.7041018836183657
2025-02-23,84699.90377162889,12391.227175925926,76797.91788297417,69479.910581175,0.1252112226085215
2025-02-24,74706.39431242642,9802.161917695474,74070.33554291417,70933.96947755,0.1646506194919436
2025-02-25,66910.48871829174,6532.731271166666,73504.65737481165,68313.53847026499,0.217611168733622
2025-02-26,82371.86580704298,14275.611251999995,73057.65828294333,70834.92359246,0.13205234301520646
2025-02-27,78917.54602335396,11687.190430436207,74579.89431619916,70279.43328785,0.15154960155441635
2025-02-28,35417.561061960005,0.0,44888.91552759334,70723.27814837999,3.2936613708997515
2025-03-01,39440.72858553,0.0,46003.67527750916,69959.85918898,3.907960819019804
2025-03-02,83060.32145728248,11965.430920199587,77258.31039332833,73721.1714125,0.15705410801352795
2025-03-03,74225.66251502866,7507.693507999997,78482.87564125167,74688.364350865,0.20106659012868924
2025-03-04,78155.62487924419,12126.143089874487,73505.39880175666,72293.200615345,0.14776530530436607
2025-03-05,65757.78369418244,6857.7696016234595,72294.40190458833,68844.54293009499,0.19639295837497145
2025-03-06,71724.85310059976,10727.957659851847,71082.1460705325,69026.39458872,0.16790415664418235
2025-03-07,38765.441041340004,0.0,44391.42444588583,68394.174160685,4.427927299641955
2025-03-08,32680.241833199998,0.0,42118.09033287167,65140.45876875,4.016120900345889
2025-03-09,66631.70692397827,8046.174130831274,70553.73523376083,63856.91940634,0.17139748251200623
2025-03-10,75974.10608559729,11898.01411152881,71446.57740792749,69059.43844040499,0.14117276070554124
2025-03-11,68332.5371772541,11815.42796652674,67578.71349775333,65253.80185489,0.03004265393447147
2025-03-12,60419.74273690787,6452.219589409462,69299.93754713333,63855.673813465,0.1672749515645558
2025-03-13,74457.25401812716,11278.212224275725,70790.13883443833,69862.19921798,0.14373933881703552
2025-03-14,31781.52561595,0.0,40723.76568923583,63562.23722819501,4.761558011192703
2025-03-15,32408.4010331,0.0,41824.70024511083,67180.44931977498,3.525179112589257
2025-03-16,68465.04123815976,10997.102396701648,68094.54609950166,63097.133214955,0.06312308153475311
2025-03-17,53520.42731344347,6622.877738985593,64021.55173492916,60164.662266485,0.06026446146785597
2025-03-18,55648.58329385079,4670.107047325098,68496.38824876084,64969.236058665,0.1835880195883343
2025-03-19,60788.364482600875,9377.077588300406,65824.04113321083,62211.97009655999,0.028918032306540133
2025-03-20,61447.02409224448,8074.666422156381,67540.19841684666,60428.78884595,0.0784982398184112
2025-03-21,32163.92766172,0.0,40723.42958276333,58251.300284845,7.125039948867267
2025-03-22,31606.599833930002,0.0,40120.100625729996,60852.76714856,4.925618613156412
2025-03-23,58039.694865567886,6518.2303034979395,66410.15456205583,58111.192769990004,0.10764137855305124
2025-03-24,54536.254236932946,6659.397185390943,65477.61787777749,62555.769072605,0.09514582667010248
2025-03-25,55928.10226698851,5049.680600823043,67789.92456699666,61481.383731485,0.18719480734367616
2025-03-26,51612.47532344165,5855.729699999995,64044.6142326775,86985.00705123499,0.07377311024558522
2025-03-27,54787.400532509,6698.6273280144005,65002.88731893667,60592.65939101,0.09944730762919207
2025-03-28,31080.59356179,0.0,39442.43636080833,60116.166863264996,7.967767057690136
2025-03-29,27838.48551772,0.0,37940.587185058335,54186.72871276,10.521478316135509
2025-03-30,51390.90191257549,6038.799855999998,63374.938630323326,54896.997683890004,0.05605705876011454
2025-03-31,56196.95087504962,9464.987663168718,61107.282667734995,73717.00199813,0.027128663737033987
2025-04-01,55205.37900369519,6419.557066049383,63759.95230704582,62626.25810542,0.13611743814700747
2025-04-02,63883.76241509868,9830.817583950611,65840.7694952125,64514.735135995,0.13270133380381463
2025-04-03,47824.287828898334,3474.373466666667,64731.65904920333,60613.478110055,0.11048050304849108
2025-04-04,29027.96799611,0.0,37534.59116729,55264.72965317,13.514817146234853
2025-04-05,26720.306915840003,0.0,36645.786342905834,72775.05325637001,5.652772717272658
2025-04-06,51566.68762708149,6607.144340666667,62091.3440778075,56618.338878565,0.03073083225378642
2025-04-07,48313.190973958066,6883.183566773656,59683.963781281665,87139.707161135,0.029903547813514807
2025-04-08,47322.02763943507,3873.6491788333315,63650.809918043335,57642.528803365,0.09116951463332208
2025-04-09,56603.120622835195,8746.513965397122,62851.33292235667,59924.733654855,0.03351834259579702
2025-04-10,48520.426495761465,5483.664224279833,62128.60301772332,55216.265175885,0.03086684996568241
2025-04-11,26812.355375470004,0.0,36081.967879395,51758.947114615,15.289163502690553
2025-04-12,29869.800785789997,0.0,37151.33947359333,54340.801512345,9.594812170699203
2025-04-13,55829.90556092716,9397.793354499998,60431.79628565666,60038.1600371,0.028423954089336997
2025-04-14,43502.325391124316,3443.2540086666622,60189.37311612666,52273.937608119995,0.06078908734846833
2025-04-15,44681.90009036924,4936.472797380653,58112.273727558335,69417.83865226,0.02935607164933492
2025-04-16,52513.43870349426,8156.926969975308,59932.29413802416,56987.64123911,0.026854561531039323
2025-04-17,49011.71196908829,6887.83312612551,59232.589143456666,54847.094861355,0.029588695410696114
2025-04-18,27252.568226230003,0.0,35290.00674562334,52735.34784007,12.761739347465985
2025-04-19,25647.174745469998,0.0,34730.932003805,89354.56825653001,11.376553757773065
2025-04-20,50997.80989667874,8420.072065106986,59199.41012149583,159725.59071029502,0.030583696207603466
2025-04-21,42355.0526537915,4162.117249666663,57545.94420304333,64327.066874950004,0.11162352582695564
2025-04-22,48042.80720292801,7058.158446467069,58064.14806876416,104114.40634422,0.02911787826993795
2025-04-23,48279.69072073629,7901.697712458841,56845.78214310249,175860.153323485,0.02856756928401333
2025-04-24,41606.57347702571,4084.133476092586,56634.39626238833,51151.567262425,0.0872385076529095
2025-04-25,26627.57591648,0.0,34473.874496735,50665.820721365,43.54295240622727
2025-04-26,24984.073079839996,0.0,34050.63194077417,76204.893710035,1233.735787077283
2025-04-27,48351.90103200628,6659.8207804732465,58197.991966675,169632.20107877502,0.05442190469711291
2025-04-28,52191.40311527613,7860.476900172837,59759.478411536664,59342.27037318001,0.02807909578731004
2025-04-29,41540.94622586433,4019.3270081666656,55829.542919426654,145917.39702062498,0.03961441081883483
2025-04-30,41518.238475344246,4729.293312477365,54910.61200667916,265994.464029335,0.027363620519553447
2025-05-01,57637.976373827005,8012.162947164606,62004.85636539916,83278.654291185,0.08627722001943283
2025-05-02,30078.59536901,0.0,39208.141448805,60685.7303864,5.274506755204783
2025-05-03,26045.13165717,0.0,37098.11157918583,92329.02274990501,8.154527481985467
2025-05-04,57062.05136410057,8634.281047417695,58787.67815161667,294605.03416119,0.024523413494036875
2025-05-05,53090.31577872462,6375.0439520823,62804.22536926416,55455.772784425004,0.028428770051551727
2025-05-06,56572.12682070239,9143.007294849787,61791.84304107999,210730.28840196,0.029490250296728315
2025-05-07,58056.85303685194,9024.759344493817,62091.96914356583,173470.100568175,0.02701455904776283
2025-05-08,57942.977491756836,8953.569019355962,60774.573671378326,55772.456895314994,0.025627305044026487
2025-05-09,29783.310014100003,0.0,38165.14154536833,56129.309625405,10.102685431912219
2025-05-10,27042.37826934,0.0,36746.472509475,85185.38290699,5.757965607052806
2025-05-11,66053.37109194622,13055.430496899175,60270.34578452166,338258.91567472497,0.02508386243645861
2025-05-12,50908.29749484604,7396.958739512346,56670.038395092495,246579.66948727504,0.023138068056570326
2025-05-13,47147.984592120825,5449.651071707809,59137.52128948083,56265.597180355,0.026937712828964892
2025-05-14,47273.91429939998,5874.842085485589,58381.6778526075,114333.381496955,0.025618265286106563
2025-05-15,43535.881259888825,4353.365921847737,58736.42344429666,56579.22594397499,0.026790170968084493
2025-05-16,28717.85007372,0.0,36215.09430712083,52811.41801647001,32.9088989142987
2025-05-17,28115.685289380002,0.0,36722.863560926664,92317.768120995,7.0838066681798
2025-05-18,50169.85506481953,7567.59521848971,58784.53547760499,84859.61708687499,0.02679905318009533
2025-05-19,40684.78555911078,3682.9884596851816,56523.822903801665,207757.92409885,0.07961484406271882
2025-05-20,53669.87730530006,9259.250842598765,57997.35733299916,145175.35048108,0.02565274164016478
2025-05-21,47359.569699532345,6306.5642147325,57227.54207288333,294369.43562955,0.024562604308870424
2025-05-22,41800.07846086228,4078.0909827798246,56889.18401838916,62941.565539785,0.026642354395993193
2025-05-23,27665.82423977,0.0,35809.755112255836,57931.1635601,12.478015559476958
2025-05-24,26656.99243506,0.0,35218.84591320834,65128.880493824996,21.8006247004774
2025-05-25,45027.34706727357,5023.397986833328,56465.565709970826,242692.22472041,0.02590895048224361
2025-05-26,52486.536935724,9121.786484979415,57975.51100282416,174039.076852675,0.025838232010039108
2025-05-27,42892.212905918655,4623.509245273657,56184.26755646333,298149.9043347,0.025483279816467957
2025-05-28,46030.81917680445,6180.747896102879,57871.26512454916,91750.20182948999,0.02723818623102451
2025-05-29,52661.466174951434,8700.488740041143,59361.287532653325,133261.54228119,0.028049165199264654
2025-05-30,29272.88470683,0.0,36812.09102628917,55479.62087226,12.91838658481042
2025-05-31,29567.88615054,0.0,37141.08349267,145327.17219681502,9.799493873693407
2025-06-01,91395.571057753,17386.3023885,73445.72555791416,62359.24123801499,0.07106656219859882
2025-06-02,76090.57575212985,10259.700305897113,74587.68797694666,64767.230989635,0.10751153362293162
2025-06-03,84487.38272908638,15145.466122353904,72459.43573741917,67716.868128785,0.08507519632502551
2025-06-04,66910.74292571621,6794.925691516459,72885.47535211082,65305.751980329995,0.12170265100993474
2025-06-05,91588.5082827099,17526.878661547322,74409.22831100499,69281.22853819499,0.07836682829376326
2025-06-06,38373.61137703,0.0,46759.071346050834,71074.97938976501,2.214497529379134
2025-06-07,39065.31663077,0.0,46691.84700894083,70222.61533681999,2.3799238750400593
2025-06-08,75836.7199299107,13010.684868059661,67493.65341620333,61541.172266655,0.021472715566398494
2025-06-09,71518.95414346975,9472.500266843617,73956.1399154225,70175.77547444,0.10164376888052765
2025-06-10,79839.63086074767,14104.340102823044,73107.30308949834,71880.035413765,0.05429576262255422
2025-06-11,87497.77211829364,14653.078336713985,78928.10903131917,75994.02166269999,0.10027137588982454
2025-06-12,78599.7942055594,12517.21663635802,74582.72687275583,72929.367983225,0.10780302373211047
2025-06-13,39821.49167221,0.0,46248.30978687583,74946.37392025,2.7077123391784683
2025-06-14,38480.382155420004,0.0,45422.42047961999,68598.46994511501,2.9398954615857735
2025-06-15,78033.97822305348,14986.54423683333,71337.51047240666,68729.30616886,0.03025002300466679
2025-06-16,74110.9748566083,11771.60119418518,74270.59615613583,74675.85747229,0.0715839170751265
2025-06-17,78232.16507645379,12671.331158242796,75331.14015880917,76026.27825323,0.08551666055376127
2025-06-18,68023.92491709747,9959.931167333325,71298.69256597666,75179.47905337499,0.1263047146784537
2025-06-19,70008.65672675613,10708.585138392995,71008.42714270583,72439.58979959,0.11507697593056869
2025-06-20,39199.94782709,0.0,43946.77539134917,71500.28951117,3.795447670112372
2025-06-21,34650.34895131001,0.0,42230.04544875667,66011.079055285,3.8565491288463614
2025-06-22,73717.8885305479,12737.891085697522,68616.923371325,67522.0615947,0.029557992777888894
2025-06-23,64339.963687666575,9129.83074420987,70209.64140284,70088.70655172999,0.06077522228927023
2025-06-24,74572.04380266284,9156.47704824485,79066.00518166833,78020.23172983,0.1097588242841771
2025-06-25,75304.75763909004,12375.25908915637,71976.32122746498,75374.233000435,0.1181516276464038
2025-06-26,68777.48960904164,11027.73326516666,69913.63315469833,70800.980037665,0.0716090345645585
2025-06-27,38371.611767320006,0.0,43733.313242599164,66120.581237245,4.360021853422136
2025-06-28,35712.54830492,0.0,42587.73675670166,69014.28515252,3.395740555442632
2025-06-29,80639.64841815952,15839.75872241563,70141.63564112417,68074.021089275,0.025191880720615116
2025-06-30,70759.65819944415,10999.85836483333,71572.559272535,72974.247240425,0.11820224404318293
2025-07-01,114902.17558231713,26384.055002069952,79555.51716063499,466874.79870355,0.021235064398567757
2025-07-02,94776.1769558973,20346.229745222212,74050.38996917667,428775.26468366,0.02002019618600573
2025-07-03,104767.79318418048,21017.23612886625,80885.94810391167,69386.942837385,0.024175114990493747
2025-07-04,34328.164396349996,0.0,47492.9112004325,65425.38167508,1.838458357763009
2025-07-05,33561.00194488,0.0,47276.48861577083,125108.12953348999,1.758130198528552
2025-07-06,115751.91696986744,26226.364868672834,81258.90846758834,405873.832574775,0.022524497345593125
2025-07-07,82606.97625331448,15373.48504635802,73489.27818559165,407595.02396481,0.020020822883886416
2025-07-08,85443.74412225299,13920.566817333332,78816.80339141749,70103.94352141,0.0305225832149962
2025-07-09,77111.83875514657,11381.498710069955,76268.37686209084,69609.106546375,0.04838564020025011
2025-07-10,82056.11769132275,15066.282676901228,75048.46390135166,314005.60772194003,0.022627656071172557
2025-07-11,42106.39378896,0.0,50470.48425885501,73107.56531496,2.2145841020673718
2025-07-12,36936.92960777,0.0,47986.39645966832,100850.23375136,1.771868615780888
2025-07-13,63869.829337680916,6103.937431975306,74341.21198120082,85272.81081527,0.04013106637742327
2025-07-14,68177.37298706801,8815.68556623045,72441.7401146075,69847.60018228501,0.021292154323445004
2025-07-15,63556.948787908,6736.319998522632,72510.6070310175,70328.04326653,0.052395570332829315
2025-07-16,61399.30513935189,6743.287990699584,72261.91991384666,78771.135468015,0.02171479626781164
2025-07-17,69627.42670362396,9771.646555423864,74664.45101983499,72563.322676465,0.022509458734510452
2025-07-18,47122.324444759994,0.0,51184.74239817416,76158.030597725,2.8414560079025084
2025-07-19,44004.22842555,0.0,50209.6290652325,68828.28595002,3.153143741573913
2025-07-20,67792.14375715295,8654.373270506163,72602.92630831,72282.411639225,0.07114551300860801
2025-07-21,64545.1565533588,6711.691630876542,74931.36039609581,75815.606135865,0.06661149113351285
2025-07-22,67773.07175261201,9367.400491104929,73475.33084841749,75415.65494929499,0.02368708458043624
2025-07-23,60635.021545128024,3565.1704322201576,77468.3304730625,73465.852427985,0.13741688371855276
2025-07-24,58330.51354524803,3543.1016667386825,74722.44329907083,75066.892812565,0.11828968369124869
2025-07-25,41218.821819200006,0.0,48108.61307203917,71958.528580655,2.9032528513326255
2025-07-26,41793.98834228,0.0,49285.990163012495,72040.193678045,2.7867918919141488
2025-07-27,75970.68359123825,11519.443238131684,76064.90015276166,72902.20530884499,0.05035790604387726
2025-07-28,77096.67909277201,11426.18003374279,77452.75714739083,78431.736741475,0.07618878942725624
2025-07-29,73005.19788994442,11002.416334911512,74951.53472192916,77024.40868728,0.029205603709652996
2025-07-30,75500.91636569284,12889.018249851848,74232.15630173334,87765.95049724999,0.02242477913404395
2025-07-31,77079.42340877713,12339.475157419749,75295.5247478325,75368.13088659,0.027444521959544724
2025-08-01,40849.67325732,0.0,47599.1259772325,65778.45819144,4.039144012869968
2025-08-02,42884.67509769,0.0,49080.8856962425,65115.9404565,4.605750292439294
2025-08-03,57661.58761529535,5770.0278085246855,68857.17557717333,168985.5898964,0.02385329134829989
2025-08-04,52409.72657074487,3791.2001958847704,68727.24904938416,107104.60712238,0.021339227301836794
2025-08-05,53498.42500406875,4582.539789506165,68639.07402412,74829.319422425,0.02218643447229519
2025-08-06,55299.804421458204,3615.9906115370327,71652.0836720725,122153.39008555001,0.06032214212787245
2025-08-07,50111.179736438324,1835.7936499999983,70509.10201943833,67702.984706025,0.14152275842300538
2025-08-08,38934.23655198,0.0,46686.7867298775,64801.11493920001,5.813319103048182
2025-08-09,37577.702370499996,0.0,46375.73127884582,91821.521352215,4.285568672935485
2025-08-10,59514.56009910168,6827.048314952676,68358.89462163666,153482.341867395,0.02117023672787114
2025-08-11,56515.34581242771,6163.785103152256,69423.07016359166,90419.13335317501,0.024170441302593864
2025-08-12,56712.62915049342,4544.35093308847,70138.92656288166,69434.772231385,0.027100968145181648
2025-08-13,59572.90134817027,7465.910801635795,67968.42823301,86059.840534995,0.022562338524366433
2025-08-14,57352.94883500591,5367.616987049374,71216.424776295,67697.11039043,0.02429297180811321
2025-08-15,43156.33723329,0.0,49136.00635083334,65329.70672334001,6.011216324929676
2025-08-16,40642.99343286,0.0,48261.280923217506,71645.608008475,5.491986847338661
2025-08-17,57671.47797869575,5426.5083002469055,69430.69561333916,103224.968484545,0.024658040280993953
2025-08-18,54271.067136800164,4032.309339800404,70307.006662825,85450.14180618501,0.04366019824830174
2025-08-19,55708.24210869154,4915.893872440325,68702.82690499416,178271.290234075,0.02164722738246919
2025-08-20,64713.074347028916,7336.3435582613065,74218.19362147749,71718.53790199,0.07393117309418125
2025-08-21,54712.94480218292,4192.10822898765,68762.9579049075,66830.21758001001,0.021554582020109812
2025-08-22,40269.9171804,0.0,48246.38431021667,65719.89200059499,3.926592259149418
2025-08-23,36979.99394952,0.0,46455.44384515917,84192.960100745,3.2441199831454526
2025-08-24,59170.62569565952,6141.571501662547,70922.39522934666,83578.16006974,0.053376395234492786
2025-08-25,58353.45256657016,1843.6465233333313,75977.83299477083,72160.358896985,0.2906354123735938
2025-08-26,54312.03350340997,4021.3584807880625,70627.68384351332,70303.14289025,0.04281795060881778
2025-08-27,58908.244793716,5811.3504217860045,72651.39324499,72742.69305945499,0.024141198906835158
2025-08-28,73290.20180514659,12546.997302288062,71676.86946055084,94168.562442095,0.025729253890006857
2025-08-29,43518.14789972,0.0,50578.973618937496,70139.218853255,4.192001834008356
2025-08-30,39887.50688276,0.0,48053.65005268083,91749.01615837999,4.779015865169957
2025-08-31,62593.38588207718,7640.331579382712,70575.5360779825,63370.061395015,0.02820705263022354
2025-09-01,42128.83980987,0.0,61924.9588278275,68727.55852677001,0.5283993628139899
2025-09-02,37719.455685415,7.204583333333289,62481.50546020166,66585.78627997,0.19443719955548955
2025-09-03,39094.0926082,3.419300000000021,61562.5722397425,66367.146676265,0.21909957588664924
2025-09-04,39003.01804472016,33.481973666660245,63172.142442351666,65697.183941865,0.24494695458070004
2025-09-05,37514.811802159995,0.0,42138.67419307167,62798.547565174995,15.384328769228434
2025-09-06,35442.811358570005,0.0,41350.757843780826,60022.91999576,12.706694727950687
2025-09-07,39996.83645401263,2152.4730891152276,61764.129873390004,61425.25404056499,0.06487108623237932
2025-09-08,40559.286589367926,1287.166941563787,63820.54969278,68299.36230041,0.0722091126890465
2025-09-09,38230.69490246879,997.0527166934144,62288.33949375417,68664.506380425,0.1121986575769461
2025-09-10,50948.66727372928,5179.600322983536,66391.64943908583,68474.83142649502,0.1266137488691543
2025-09-11,40759.55227214031,840.8664729999958,64366.99156089333,60629.894061039995,0.2226790659543127
2025-09-12,34572.79609634,0.0,42185.60477040167,62572.47594178999,7.690836850747295
2025-09-13,32308.07848559,0.0,41300.82233759666,60276.13555769,11.179637820302563
2025-09-14,53967.27833790137,5285.682518950614,66604.8365851,62115.937759795,0.10493211111208003
2025-09-15,49371.889999093066,4728.434154499996,65195.653236729995,81122.58435662,0.08357577382429209
2025-09-16,50825.73583859292,3514.1023233683095,67007.49913304916,62322.196532845,0.08911885179489212
2025-09-17,54696.396344109075,6219.646699351846,66740.75755920165,93920.460887325,0.02672139837177497
2025-09-18,57383.67975524353,7642.081824096698,66258.00700017916,61421.00118203,0.02797841045406602
2025-09-19,33257.34198068,0.0,42301.0482476775,61502.023514225,4.7339993745740925
2025-09-20,32047.25141659,0.0,42488.772031433335,81667.398415165,4.7169241637101305
2025-09-21,56775.121854028184,6980.3025602777725,64973.237575014165,58664.017370505004,0.027201509069983493
2025-09-22,53334.53790941516,4230.70085383333,68204.75826200083,60942.65792838501,0.08260079619295482
2025-09-23,58118.45652077572,6085.97153656995,69098.55888675584,62940.15286825001,0.03452091805554971
2025-09-24,59720.01643354931,8230.20379512551,67716.687910485,62734.27312497,0.02754121081182824
2025-09-25,56243.85065908817,6562.339279255138,67467.1624895725,63584.70983562,0.027671342531308755
2025-09-26,37590.14469681,0.0,44674.757369105835,64877.699046495,5.097940660804349
2025-09-27,31965.89094656,0.0,43197.368452744166,92365.17656901499,3.912155415801817
2025-09-28,70938.49771167437,12613.768793382707,68590.23454585581,104291.573706055,0.02651791727569384
2025-09-29,58849.79362280356,5966.693917098761,69703.50459755833,63057.421841965,0.032581976875678174
2025-09-30,68276.91131340258,9843.534940644033,71552.01177191499,66420.237759365,0.03180989745352725
2025-10-01,37941.195341585,2029.617383333333,61149.27660387917,77406.475403185,0.24453899473304688
2025-10-02,39358.81422781165,989.9750284999966,63470.34199803583,60760.14368315,0.33089670232820345
2025-10-03,32060.03625926,0.0,39701.309740725,60123.344415845,11.543045574020406
2025-10-04,35429.48431545,0.0,42515.136948775835,61454.012756805,7.299367381429428
2025-10-05,43341.189403367236,2646.3209581666624,63866.05108458083,60121.517086595006,0.10017510539866627
2025-10-06,49536.48028935293,5805.983331981484,64144.830275016655,64786.61688560999,0.028056431815131396
2025-10-07,51230.88482589511,6360.806952864196,64879.05456706249,62299.614506455,0.030104584872730305
2025-10-08,48548.14004956578,4966.7994229938195,64246.7675036475,59899.398937465005,0.02913164214028039
2025-10-09,50540.360050508316,3569.457270833331,66757.34665582582,60796.00870269,0.24674609041169318
2025-10-10,33925.87056884,0.0,41997.956766924995,58864.50389180001,10.277280801807322
2025-10-11,32197.88869508,0.0,41934.892162452496,61161.11105183,5.841784311072764
2025-10-12,60873.00658272129,9014.611732413578,65926.27629685083,57648.621380255005,0.029301606872034397
2025-10-13,54370.785886266814,5711.956692333328,66499.96285716999,58463.102608265006,0.08295223940288497
2025-10-14,60122.86828756673,6711.720746248976,69122.03231956833,62807.072253709994,0.08130675743517157
2025-10-15,60703.35165994191,6527.47737839506,69400.93140073499,63935.485547774995,0.13246358702177705
2025-10-16,66082.37097480774,8836.69789157407,70712.20946299416,64239.732689845,0.04155810507525153
2025-10-17,30084.29541231,0.0,40672.25029685334,62842.369583294996,4.3899367179101585
2025-10-18,33030.64667866,0.0,42261.970132555,61602.181610995,5.026549806199629
2025-10-19,71859.1137631113,10895.067047427987,71533.63608694165,61671.669227665,0.036328301721852085
2025-10-20,69111.96235060791,8104.479559154321,72687.67954566082,65786.238210465,0.16187398471070877
2025-10-21,74655.57582284493,11256.151030893003,72419.42070603583,67771.43602414,0.14880512992290457
2025-10-22,77103.0118929283,11948.18717119341,72694.19378709333,66306.87619873,0.1195571226316693
2025-10-23,64878.96267556498,5688.018299999996,73384.20414065332,69175.63484708499,0.33585205539819785
2025-10-24,33451.765513909995,0.0,43702.82208367334,66676.029043025,4.228993380908931
2025-10-25,34313.14660958,0.0,43670.99640070166,64967.50942991,4.211387619338805
2025-10-26,70564.27281307432,9407.937547325106,71502.45293457582,64447.802640335,0.12594253495052232
2025-10-27,70242.11452177982,10322.207805524691,71531.32929948083,67782.85434222,0.07652817247743343
2025-10-28,79238.34608825849,13564.809916419748,72082.10774155249,69919.34708631999,0.11128813208073247
2025-10-29,78036.82736542146,10416.452169135799,76011.47143846333,72102.80479774499,0.14742899529846207
2025-10-30,76624.12766289344,12657.286918724276,71769.03216160083,67750.18048010499,0.10455925558347845
2025-10-31,38082.96337859,0.0,46028.41839750833,69785.0131781,3.4722874091915576
2025-11-01,33472.21756177,0.0,43720.25440897666,65953.33599226,3.111664080418441
2025-11-02,86432.63639238203,14523.94623353909,75719.46075433999,68397.866284195,0.09870178576739998
2025-11-03,72524.44170679292,8395.093806456796,75162.21600958914,70797.02269213,0.13871671608613265
2025-11-04,79705.4053102177,11979.265412345681,74503.12247679083,70498.709712825,0.13564474612992108
2025-11-05,74412.83833150665,8066.510049999997,77352.63910266667,70526.96029975,0.19349329332259418
2025-11-06,85814.45072310216,12723.731410082302,77513.10110631917,91433.51681328501,0.12846030687046067
2025-11-07,36048.745326849996,0.0,46260.9675914275,73509.95521762,3.3580120648448815
2025-11-08,36166.4214753,0.0,45537.04946742416,68379.52741275,3.3457090631650632
2025-11-09,87751.44335874532,13543.13914933333,78250.68018478916,70679.99825014,0.11866677686398573
2025-11-10,88367.90769942524,12833.30409238683,79925.64964519249,75435.84319370499,0.1431096610708177
2025-11-11,76417.00647848332,8311.7159,78734.60504719499,72842.332124445,0.15764869698858403
2025-11-12,83292.76216680763,11423.49625349794,78647.88771075083,74301.931681235,0.15716298360607578
2025-11-13,88704.184321325,14090.407317666666,77754.91883117666,74347.75953678,0.12835450160273543
2025-11-14,38200.90729002,0.0,47003.25247012249,72257.53615299001,2.777659108718932
2025-11-15,39734.384209209995,0.0,48046.58686079,71536.28484911499,2.914226633219471
2025-11-16,98892.76153897768,16392.005424,81099.79029245916,74043.776196335,0.11605193549168523
2025-11-17,91315.58367817655,15067.910378833329,78540.91500648999,88867.298357875,0.1264725670919475
2025-11-18,89056.754819908,13639.447058415637,80207.3088918025,73544.9392837,0.13468486835370821
2025-11-19,93890.4327257684,14346.06881783333,82038.73669491499,85098.416852455,0.12232685320174266
2025-11-20,92427.33527029715,14089.426902117284,80872.48623988917,91949.56876786001,0.1237676117008723
2025-11-21,38503.85838107,0.0,47576.807904057496,77525.95941380001,2.6088811698192984
2025-11-22,40500.79514368,0.0,48525.6835721775,74156.18651686,2.6690167050511793
2025-11-23,100938.12573772698,16738.158518106997,82294.47809275833,124898.492240395,0.11356031079643233
2025-11-24,90834.70517251999,14094.843649999999,80280.451720655,77805.68652630999,0.13376115919698012
2025-11-25,80635.76471621999,8063.1389833333305,83060.82701960416,103474.064363575,0.21319853969876723
2025-11-26,87001.58175350659,10718.204766615225,83506.44767145082,103728.77507080499,0.13685210447308246
2025-11-27,89461.77721413213,12330.824609499996,82083.12306549416,96766.10661482,0.13552933353032195
2025-11-28,40752.980130079995,0.0,49133.553717279996,77713.428040745,2.5363494160127393
2025-11-29,44999.81729393,0.0,50202.148795714995,77749.90280735001,2.4488429333860156
2025-11-30,105206.76875106888,15952.41702098765,86659.84045039165,139905.16786105,0.10797340367836138
2025-12-01,105946.01716990973,14893.519021166663,92611.44821645498,354627.91878844495,0.08610224772115395
2025-12-02,106078.51527092299,13733.36648166666,94731.86314441,343464.45957175,0.08845390317139681
2025-12-03,122004.71242340584,21383.2983695,91739.46839607415,266822.51483826496,0.08324827361399277
2025-12-04,110573.72794282332,14873.689004166661,94449.4431888625,462109.15640223504,0.13082486998533716
2025-12-05,45630.36803404,0.0,54140.881172547495,82822.047023815,1.7431014496759678
2025-12-06,45196.15102653,0.0,54574.90335015833,80556.588606465,1.5403884007947752
2025-12-07,103898.70744161567,13315.191084666665,93530.65530278248,315726.46904386004,0.0903998068416917
2025-12-08,94307.25229249643,10467.877573755137,92333.67767658166,279686.80381914997,0.09200003210075917
2025-12-09,96469.55960818454,10571.285964448554,93194.29143153665,374999.998866735,0.09375978532461979
2025-12-10,107934.63467856238,15289.09440359876,93213.13045387666,232007.35331824498,0.10173779555808775
2025-12-11,92719.92914293666,9667.96688333333,91555.79727552999,262644.885846445,0.11718683684627083
2025-12-12,48252.61597213001,0.0,54510.61105686,87796.53076028501,1.7604679816230557
2025-12-13,47279.80369734,0.0,54303.98129755916,83572.72223163,1.6763407773630152
2025-12-14,118689.11968049302,18253.099799382715,94250.31103253583,273649.53734476503,0.1012082531214888
2025-12-15,110592.29984692548,15843.134538499995,93587.10755797834,255770.1041764,0.10949145015712429
2025-12-16,96624.6109475661,10663.238874074072,93457.83277163749,214953.02156692,0.1198131283933973
2025-12-17,88680.39283994777,8540.50786790123,91800.5439381425,307334.41385431995,0.11619997599310382
2025-12-18,100091.18943599265,12318.387036999997,92362.16244294582,219614.94702411,0.11559859387596805
2025-12-19,48295.17568783,0.0,55321.02615353917,88039.4727541,1.7995192159333138
2025-12-20,47789.32020464,0.0,55600.2293495475,82788.438624695,1.780644206144556
2025-12-21,106451.48670012133,13935.469399333331,93790.02492366915,320123.339478775,0.10194891239227813
2025-12-22,102162.83527071163,12800.034653333325,93484.57291726416,211750.16143015499,0.10623115752939818
2025-12-23,90384.26213814855,9253.301793827153,91607.93369145332,217612.45616866997,0.11947959954664111
2025-12-24,96622.47074707948,10960.12927983333,92726.09706217499,173261.770702235,0.11906459849844005
2025-12-25,105466.44544104981,14363.057397166664,92197.32040166165,243804.18988048,0.11619834656628468
2025-12-26,48274.10879673,0.0,55427.89467707834,86327.341773525,1.8001008160707535
2025-12-27,46993.09453978999,0.0,54847.809144624174,84228.354577235,1.7017590399597151
2025-12-28,103078.39504861725,13304.3397115,91772.83415101832,369768.824711595,0.10681386641145027
2025-12-29,100237.11980921448,12528.805264833327,92034.94792826,259475.71819322003,0.11415926151055959
2025-12-30,95866.84579041907,10501.927218106997,91632.62489403666,197908.70419967498,0.1284163770103008
2025-12-31,96601.92669190431,10617.048096999997,93140.42169767416,223504.24167947998,0.11518263240640027
