day,grid_h,lp_cost,dp_cost,gap_pct
附件1典型日,120.0,35126.84858928963,35774.34450555999,1.8433077326150602
附件1典型日,60.0,35126.84858928963,35456.237416561664,0.9377124350758539
附件1典型日,30.0,35126.84858928963,35336.03493137668,0.5955169634853965
附件1典型日,15.0,35126.84858928963,35232.739126478344,0.3014518564611641
2025-01-01,15.0,61831.2374,61963.474,0.2138669356477913
2025-01-02,15.0,62567.0939,62693.7202,0.20238470590769445
2025-01-03,15.0,25862.4685,25943.9556,0.3150788634005176
2025-01-04,15.0,25639.8238,25716.5038,0.29906587544918184
2025-01-05,15.0,61321.1768,61446.7052,0.20470645473283888
2025-01-06,15.0,61015.3399,61141.5627,0.20687061535310178
2025-01-07,15.0,62240.0451,62365.4856,0.20154309061395023
2025-01-08,15.0,60261.0379,60381.7717,0.20035135417496183
2025-01-09,15.0,61314.8834,61440.1639,0.2043233020238877
2025-01-10,15.0,25846.7293,25933.3777,0.3352393056358954
2025-01-11,15.0,25510.0466,25604.5279,0.3703688938969304
2025-01-12,15.0,60962.8759,61084.7629,0.19993654395648522
2025-01-13,15.0,58970.8173,59091.592,0.2048041108427499
2025-01-14,15.0,59869.5133,59997.149,0.21318992500792203
2025-01-15,15.0,60703.1244,60836.8493,0.2202932972608658
2025-01-16,15.0,59957.5249,60089.6822,0.2204182902310005
2025-01-17,15.0,24151.3771,24254.81,0.42826924956417667
2025-01-18,15.0,24499.8844,24583.2519,0.34027713261898934
2025-01-19,15.0,59612.757,59732.9363,0.20160003361600104
2025-01-20,15.0,59135.7392,59269.0876,0.2254955086370167
2025-01-21,15.0,55655.0634,55774.7357,0.21502503825342428
2025-01-22,15.0,59593.8063,59726.2175,0.22218949440203883
2025-01-23,15.0,59914.4485,60037.4457,0.20528806929791826
2025-01-24,15.0,22620.3214,22726.6219,0.46993357947761005
2025-01-25,15.0,22026.2902,22136.1405,0.49872363401608155
2025-01-26,15.0,58372.7314,58505.6021,0.22762464705142654
2025-01-27,15.0,55801.2087,55925.9711,0.22358360451030282
2025-01-28,15.0,57923.8458,58042.6228,0.2050570516032863
2025-01-29,15.0,53531.9545,53650.5469,0.22153572124360357
2025-01-30,15.0,55826.7783,55972.3097,0.2606839419223318
2025-01-31,15.0,21920.4486,22021.3411,0.4602667395579631
2025-02-01,15.0,19758.9709,19875.2287,0.5883799806425741
2025-02-02,15.0,51667.8624,51794.7747,0.24563106626551023
2025-02-03,15.0,52918.8133,53012.1001,0.1762828710384589
2025-02-04,15.0,53889.7908,53986.6733,0.17977886933205034
2025-02-05,15.0,53265.3808,53367.2276,0.19120639431953265
2025-02-06,15.0,52970.561,53098.4617,0.2414561883455993
2025-02-07,15.0,19281.9864,19346.9318,0.3368187084620062
2025-02-08,15.0,18716.9625,18767.5815,0.27044421722055506
2025-02-09,15.0,52331.2809,52423.4773,0.17617831862443672
2025-02-10,15.0,48591.0461,48708.0136,0.24071819918225507
2025-02-11,15.0,49416.1716,49539.6013,0.24977596012343478
2025-02-12,15.0,49590.5194,49696.2326,0.21317223595036092
2025-02-13,15.0,46474.8417,46595.8816,0.26044162683792144
2025-02-14,15.0,18353.9222,18408.0951,0.2951569228342277
2025-02-15,15.0,18391.7991,18444.2115,0.2849772379826453
2025-02-16,15.0,49263.7184,49361.8639,0.19922466944039857
2025-02-17,15.0,46180.2525,46281.7425,0.2197692001654376
2025-02-18,15.0,46885.7064,46970.9328,0.18177485809305685
2025-02-19,15.0,47760.6316,47854.141,0.19578766374156198
2025-02-20,15.0,46153.3614,46257.8422,0.22637733871328558
2025-02-21,15.0,17456.7969,17504.9641,0.2759222604239328
2025-02-22,15.0,17670.6643,17717.407,0.26452167752815603
2025-02-23,15.0,46360.1805,46466.0701,0.22840634337930976
2025-02-24,15.0,44278.3952,44388.3155,0.24824806297231375
2025-02-25,15.0,42764.5157,42882.1818,0.27514880949162424
2025-02-26,15.0,44513.174,44614.6956,0.2280709631070571
2025-02-27,15.0,43972.0109,44070.5318,0.22405354916789424
2025-02-28,15.0,16908.6563,16959.72,0.30199773840711536
2025-03-01,15.0,16474.828,16526.81,0.315523630197335
2025-03-02,15.0,47126.0011,47207.1297,0.1721524009053017
2025-03-03,15.0,47082.9557,47173.9404,0.1932433910686271
2025-03-04,15.0,44695.3763,44793.2796,0.21904582677048154
2025-03-05,15.0,42713.2213,42821.7169,0.2540092224139885
2025-03-06,15.0,42569.9221,42665.3496,0.22416646572171614
2025-03-07,15.0,15759.9215,15810.3997,0.3202943955141861
2025-03-08,15.0,15840.0403,15887.512,0.29969440532595176
2025-03-09,15.0,40924.1101,41022.4869,0.24038833402897217
2025-03-10,15.0,43552.993,43651.5602,0.22631551086738735
2025-03-11,15.0,41116.4436,41232.4572,0.2821585231926764
2025-03-12,15.0,40263.8165,40392.8592,0.32049290672699143
2025-03-13,15.0,43384.1283,43488.9461,0.24160396161108927
2025-03-14,15.0,15290.5432,15333.1219,0.27846434868518805
2025-03-15,15.0,15690.036,15736.5295,0.2963251118134643
2025-03-16,15.0,40576.42,40676.3089,0.24617484940083292
2025-03-17,15.0,37276.0183,37456.7705,0.4849021488271344
2025-03-18,15.0,39292.5808,39383.3447,0.23099499977359572
2025-03-19,15.0,38305.2234,38414.3962,0.28500773204833196
2025-03-20,15.0,39960.0069,40079.1526,0.29816235048944767
2025-03-21,15.0,14859.5755,14901.4896,0.2820674699907827
2025-03-22,15.0,14721.5086,14766.7226,0.3071293037511376
2025-03-23,15.0,37619.0512,37744.8394,0.3343736494530597
2025-03-24,15.0,37334.6905,37437.4488,0.27523534804522076
2025-03-25,15.0,39037.742,39153.5794,0.2967317717839806
2025-03-26,15.0,35833.3273,35963.8342,0.3642051245398771
2025-03-27,15.0,37581.9001,37710.4455,0.3420408568232285
2025-03-28,15.0,14324.3349,14367.4893,0.3012662649143093
2025-03-29,15.0,14549.7439,14594.0998,0.3048568555819342
2025-03-30,15.0,35461.115,35628.5215,0.47208489180943547
2025-03-31,15.0,36393.779,36547.8258,0.42327761753619947
2025-04-01,15.0,37970.9862,38137.552,0.4386659795841209
2025-04-02,15.0,38229.2818,38354.0861,0.3264626659704079
2025-04-03,15.0,35933.9039,36065.472,0.3661391905594391
2025-04-04,15.0,13643.6164,13694.6234,0.3738526227595645
2025-04-05,15.0,13996.0479,14030.6837,0.24746789228868557
2025-04-06,15.0,34861.5965,35016.3798,0.44399367089602615
2025-04-07,15.0,33967.2022,34106.4142,0.4098422244855602
2025-04-08,15.0,35145.3395,35297.2512,0.43223842513159283
2025-04-09,15.0,37246.9576,37384.8744,0.37027684525938576
2025-04-10,15.0,35112.2053,35256.4908,0.41092691110141566
2025-04-11,15.0,13453.51,13501.1079,0.35379532769025757
2025-04-12,15.0,13223.5687,13267.8359,0.33476043521611565
2025-04-13,15.0,34633.0401,34799.2252,0.4798455408222373
2025-04-14,15.0,33328.6835,33487.9118,0.47775175175237616
2025-04-15,15.0,32588.6143,32740.536,0.46618043379282803
2025-04-16,15.0,35111.1801,35236.5985,0.3572033759745858
2025-04-17,15.0,33918.5322,34047.376,0.3798624843775765
2025-04-18,15.0,12663.063,12701.9951,0.3074460312433475
2025-04-19,15.0,12587.0523,12631.0,0.34914983433959834
2025-04-20,15.0,33029.2366,33142.7488,0.3436716236104878
2025-04-21,15.0,31292.7395,31436.3309,0.4588649505336504
2025-04-22,15.0,33002.161,33131.9648,0.3933191588694168
2025-04-23,15.0,32439.141,32542.9503,0.3200125422603207
2025-04-24,15.0,30787.8981,30877.93,0.292426474974132
2025-04-25,15.0,12194.3579,12230.8259,0.29905657596192065
2025-04-26,15.0,12572.8081,12613.9782,0.3274534452551602
2025-04-27,15.0,31786.2045,31864.4724,0.24623202352024956
2025-04-28,15.0,35286.4335,35411.6432,0.3548382853090407
2025-04-29,15.0,31137.2412,31236.1421,0.31762901380032477
2025-04-30,15.0,30734.1212,30867.5133,0.4340192592074945
2025-05-01,15.0,34435.7393,34535.0552,0.2884091105832448
2025-05-02,15.0,15326.6429,15350.1875,0.15361866146515557
2025-05-03,15.0,14741.9493,14763.7806,0.14809008778357866
2025-05-04,15.0,33904.3386,34048.5607,0.42537948830517236
2025-05-05,15.0,35651.0394,35800.4472,0.4190840464217336
2025-05-06,15.0,34557.0178,34700.6365,0.41559931382193616
2025-05-07,15.0,36097.0612,36239.2703,0.39396297196741736
2025-05-08,15.0,35959.5189,36108.3526,0.4138925732883029
2025-05-09,15.0,14443.894,14470.5121,0.18428626269223808
2025-05-10,15.0,14445.4581,14474.5025,0.20106237204852148
2025-05-11,15.0,35778.4831,35915.4022,0.38268563878207656
2025-05-12,15.0,33856.4144,34004.4044,0.43711059658971274
2025-05-13,15.0,34310.4937,34464.0313,0.4474947005424893
2025-05-14,15.0,34232.478,34373.8717,0.4130397540736371
2025-05-15,15.0,34277.4906,34412.2562,0.39316077389007387
2025-05-16,15.0,13626.4977,13658.6713,0.2361103557730559
2025-05-17,15.0,14479.4933,14501.2865,0.15051038351671042
2025-05-18,15.0,34122.3486,34273.5617,0.44314962271523517
2025-05-19,15.0,31775.4891,31881.2312,0.33277864947765895
2025-05-20,15.0,34972.1431,35111.8804,0.399567653445246
2025-05-21,15.0,33718.154,33858.8809,0.4173625040732358
2025-05-22,15.0,33176.8907,33320.1946,0.43193891116496735
2025-05-23,15.0,13622.3274,13649.06,0.19624110267601044
2025-05-24,15.0,13428.773,13453.1586,0.18159237284764332
2025-05-25,15.0,32093.5366,32253.1456,0.49732447925256823
2025-05-26,15.0,34848.1636,34984.503,0.3912383991578405
2025-05-27,15.0,32249.0149,32376.2643,0.3945839022053794
2025-05-28,15.0,33637.1877,33780.8782,0.4271774491757784
2025-05-29,15.0,34960.7198,35111.8475,0.432278433348209
2025-05-30,15.0,13763.7289,13799.5251,0.26007618855014036
2025-05-31,15.0,13501.4463,13521.2983,0.14703598733905027
2025-06-01,15.0,46055.8458,46165.9319,0.2390273580356009
2025-06-02,15.0,45161.2652,45293.5426,0.29290008461466527
2025-06-03,15.0,44523.6238,44649.7038,0.2831755198565993
2025-06-04,15.0,44971.0799,45089.9351,0.26429240361995077
2025-06-05,15.0,46306.8038,46423.9869,0.2530581807280488
2025-06-06,15.0,20768.2707,20794.2218,0.12495545756682623
2025-06-07,15.0,19763.3387,19790.0303,0.13505609086704898
2025-06-08,15.0,42699.1891,42839.571,0.3287695486408749
2025-06-09,15.0,46530.2232,46647.7452,0.2525713501265658
2025-06-10,15.0,46619.4493,46745.6815,0.2707714018675412
2025-06-11,15.0,50369.4747,50455.8991,0.17158098023381071
2025-06-12,15.0,47603.5631,47708.5242,0.22048983266004435
2025-06-13,15.0,19625.0298,19645.9324,0.1065099318410741
2025-06-14,15.0,19545.5995,19559.8646,0.0729834643038021
2025-06-15,15.0,45863.5804,45967.9921,0.22765704966678113
2025-06-16,15.0,47586.6778,47690.6808,0.2185548755008393
2025-06-17,15.0,48999.2391,49105.2801,0.21641357121616306
2025-06-18,15.0,46056.6233,46174.6783,0.25632573099967637
2025-06-19,15.0,44684.72,44812.9638,0.2869970447349876
2025-06-20,15.0,18335.66,18352.9686,0.0943989645613159
2025-06-21,15.0,17813.6384,17837.8816,0.136093566865561
2025-06-22,15.0,43857.7317,43978.8151,0.27608215902735145
2025-06-23,15.0,44208.0808,44341.0658,0.3008160819478214
2025-06-24,15.0,50075.4022,50162.9222,0.17477645246526627
2025-06-25,15.0,45554.0956,45659.5306,0.23145012796002826
2025-06-26,15.0,44013.6693,44121.3056,0.24455199081768425
2025-06-27,15.0,17719.8222,17742.6033,0.12856270184226037
2025-06-28,15.0,17831.9588,17861.1683,0.1638041379842551
2025-06-29,15.0,44706.4799,44822.0021,0.25840157003639436
2025-06-30,15.0,45252.5424,45354.4916,0.22528962738493696
2025-07-01,15.0,51758.1203,51866.3985,0.20920043573502511
2025-07-02,15.0,48011.0339,48162.6676,0.3158309629650905
2025-07-03,15.0,52653.3989,52760.0796,0.20260944479030218
2025-07-04,15.0,24371.1513,24432.1644,0.250349672831615
2025-07-05,15.0,24715.5592,24767.2522,0.2091514144696815
2025-07-06,15.0,53118.6275,53232.8299,0.21499492145331547
2025-07-07,15.0,48208.6873,48357.3845,0.30844492001537266
2025-07-08,15.0,50505.1964,50636.1431,0.2592737524039001
2025-07-09,15.0,48951.5818,49085.2449,0.2730517930909004
2025-07-10,15.0,48616.9661,48755.5348,0.28502123363746285
2025-07-11,15.0,24330.9688,24380.8005,0.204807799985351
2025-07-12,15.0,24696.8646,24751.9669,0.22311474906415363
2025-07-13,15.0,46619.0229,46756.3145,0.294497026227721
2025-07-14,15.0,47755.2415,47894.5191,0.2916487821808686
2025-07-15,15.0,48034.3191,48171.5576,0.28570924348594307
2025-07-16,15.0,47848.9873,48025.6191,0.36914417082328604
2025-07-17,15.0,48559.2022,48703.4816,0.297120443099067
2025-07-18,15.0,23621.9126,23663.0894,0.17431608134742352
2025-07-19,15.0,24325.2218,24374.893,0.20419649344268315
2025-07-20,15.0,47544.8027,47678.5346,0.28127561664140954
2025-07-21,15.0,48980.8477,49115.5394,0.2749885111029307
2025-07-22,15.0,48725.2946,48883.6779,0.3250535284727123
2025-07-23,15.0,49337.8229,49477.3029,0.28270397156298754
2025-07-24,15.0,48837.3112,48988.311,0.3091892589599812
2025-07-25,15.0,23332.8652,23367.1868,0.1470953468367676
2025-07-26,15.0,23636.8376,23682.9763,0.1951983094095629
2025-07-27,15.0,48737.9349,48873.0147,0.27715549005625956
2025-07-28,15.0,51318.3492,51422.8955,0.20372106146443436
2025-07-29,15.0,49893.2055,50012.0956,0.23828908667781543
2025-07-30,15.0,48983.0584,49109.2598,0.2576427936561622
2025-07-31,15.0,49507.1968,49630.2147,0.24848477637350314
2025-08-01,15.0,22915.3142,22951.4811,0.15782840385507552
2025-08-02,15.0,22781.846,22816.825,0.15353880551026972
2025-08-03,15.0,42863.2358,43035.9611,0.40296827644884176
2025-08-04,15.0,43988.6118,44149.5553,0.3658754762203112
2025-08-05,15.0,43528.5335,43680.3669,0.348813396554256
2025-08-06,15.0,45667.7974,45811.6328,0.31496015937057287
2025-08-07,15.0,42985.4509,43131.3934,0.33951626407654883
2025-08-08,15.0,22370.8517,22401.8162,0.13841453748977917
2025-08-09,15.0,22589.484,22614.4302,0.11043272403154417
2025-08-10,15.0,43844.9959,43989.2007,0.32889680484243805
2025-08-11,15.0,43548.6216,43700.5846,0.3489501336343762
2025-08-12,15.0,45525.9018,45671.1284,0.31899784817940335
2025-08-13,15.0,44013.9507,44190.168,0.4003668492904845
2025-08-14,15.0,44522.7097,44707.3553,0.41472230804701626
2025-08-15,15.0,22597.77,22627.6521,0.13223481591350839
2025-08-16,15.0,22697.0329,22734.167,0.1636077762976092
2025-08-17,15.0,43063.6221,43235.9594,0.4001922870701679
2025-08-18,15.0,43644.5211,43829.9828,0.42493686163392735
2025-08-19,15.0,43533.4399,43681.3712,0.3398108046409619
2025-08-20,15.0,46881.7956,47026.0828,0.3077680863639786
2025-08-21,15.0,44061.1891,44200.4318,0.31602120883923357
2025-08-22,15.0,23548.5481,23593.2359,0.18976839440279877
2025-08-23,15.0,22982.8364,23007.919,0.1091364009218375
2025-08-24,15.0,43877.7377,44020.77,0.3259791377605048
2025-08-25,15.0,47222.8066,47395.4211,0.3655320137963058
2025-08-26,15.0,44372.1098,44534.442,0.36584288828262623
2025-08-27,15.0,45859.2937,46036.3988,0.38619222529420993
2025-08-28,15.0,46983.5657,47146.082,0.3459003252375809
2025-08-29,15.0,23317.2212,23355.625,0.16470127958562994
2025-08-30,15.0,23390.1341,23416.9927,0.114828856083923
2025-08-31,15.0,45031.3147,45225.125,0.4303900482337899
2025-09-01,15.0,35475.3894,35646.7503,0.48304164841018155
2025-09-02,15.0,35893.395,36076.3461,0.5097070026936833
2025-09-03,15.0,37120.2435,37305.2929,0.49851355501587863
2025-09-04,15.0,36669.2789,36811.77,0.38858465067463743
2025-09-05,15.0,16408.266,16428.1903,0.12142874580583438
2025-09-06,15.0,16544.1202,16565.6564,0.13017419191863572
2025-09-07,15.0,36301.5871,36477.6301,0.48494572716623713
2025-09-08,15.0,39096.3457,39282.8154,0.4769491723163268
2025-09-09,15.0,36804.5597,36942.1898,0.3739485999028184
2025-09-10,15.0,40038.6227,40204.6096,0.4145668867020317
2025-09-11,15.0,36601.8369,36744.3466,0.3893513207632765
2025-09-12,15.0,17121.2149,17147.2606,0.15212554980171397
2025-09-13,15.0,17194.7683,17219.0521,0.14122796586687988
2025-09-14,15.0,39438.7411,39613.0614,0.4420026380147663
2025-09-15,15.0,37538.5012,37698.6337,0.42658214750505424
2025-09-16,15.0,39285.4338,39478.0176,0.4902169179911337
2025-09-17,15.0,39437.5687,39599.8348,0.4114504147108694
2025-09-18,15.0,39188.555,39372.341,0.4689788534842681
2025-09-19,15.0,17448.3025,17471.0071,0.1301248823976773
2025-09-20,15.0,17543.0214,17565.9633,0.13077481487970838
2025-09-21,15.0,38663.8462,38890.6159,0.5865160970897313
2025-09-22,15.0,40062.7819,40253.5517,0.4761771325969096
2025-09-23,15.0,41360.1476,41534.4371,0.4213948560081408
2025-09-24,15.0,40282.7879,40428.1561,0.36086936528008196
2025-09-25,15.0,40036.8176,40207.1831,0.4255222038767907
2025-09-26,15.0,17116.9684,17140.1129,0.1352138250489295
2025-09-27,15.0,18506.4703,18527.3736,0.11295124041504592
2025-09-28,15.0,41635.9326,41778.254,0.3418235862033177
2025-09-29,15.0,41565.7684,41709.0607,0.34473629525082283
2025-09-30,15.0,43397.444,43526.7219,0.29789279443237643
2025-10-01,15.0,34333.9562,34496.146,0.4723889200378818
2025-10-02,15.0,34260.6593,34392.3929,0.384503798916388
2025-10-03,15.0,14643.0637,14695.2257,0.35622322694454933
2025-10-04,15.0,15517.9078,15569.7376,0.3339999891001102
2025-10-05,15.0,35701.3198,35894.9742,0.542429289640152
2025-10-06,15.0,37545.0377,37713.3619,0.448325989272042
2025-10-07,15.0,37553.35,37671.9017,0.3156887477730228
2025-10-08,15.0,36778.3753,36920.7808,0.3871990706857728
2025-10-09,15.0,36794.1036,36925.7107,0.3576851945671598
2025-10-10,15.0,15821.3871,15862.1281,0.25750596101107176
2025-10-11,15.0,15897.8507,15942.4003,0.28022413028441123
2025-10-12,15.0,38049.0859,38185.459,0.3584135837466036
2025-10-13,15.0,37533.4166,37677.5652,0.38405394557145717
2025-10-14,15.0,39763.641,39888.9069,0.31502634641558025
2025-10-15,15.0,40078.1903,40201.8142,0.30845693148713993
2025-10-16,15.0,41370.2127,41486.8985,0.28205284705776806
2025-10-17,15.0,16029.2949,16066.3821,0.2313714997715909
2025-10-18,15.0,16132.2565,16174.4587,0.26160094806767814
2025-10-19,15.0,41951.3398,42074.9828,0.2947295979826373
2025-10-20,15.0,42160.3079,42278.3254,0.27992565575209943
2025-10-21,15.0,43082.1433,43183.0087,0.23412327953005563
2025-10-22,15.0,42987.7952,43085.273,0.22675696156930744
2025-10-23,15.0,41513.6655,41624.5027,0.26698974770351264
2025-10-24,15.0,17050.6606,17100.7775,0.2939298003964407
2025-10-25,15.0,16786.7232,16829.5889,0.2553551029488956
2025-10-26,15.0,41998.4113,42097.927,0.23695116201330507
2025-10-27,15.0,41992.9549,42119.8618,0.3022100627676294
2025-10-28,15.0,43165.4556,43276.1536,0.2564503410332558
2025-10-29,15.0,45481.8762,45577.9731,0.21128625142080576
2025-10-30,15.0,42605.8732,42711.1368,0.2470637074755692
2025-10-31,15.0,17370.4088,17429.6502,0.3410474161701621
2025-11-01,15.0,17104.7949,17160.0588,0.32308989906593794
2025-11-02,15.0,45237.7678,45348.615,0.24503235883161703
2025-11-03,15.0,45219.0263,45311.2384,0.20392321956287204
2025-11-04,15.0,44500.9869,44613.9831,0.25391858112809007
2025-11-05,15.0,45664.6107,45773.7335,0.2389657882564463
2025-11-06,15.0,46963.2297,47077.6243,0.24358343145947972
2025-11-07,15.0,17690.67,17750.3646,0.33743522025247796
2025-11-08,15.0,17347.6642,17397.4284,0.28686402420694385
2025-11-09,15.0,46985.1454,47094.8233,0.23343102777706753
2025-11-10,15.0,48720.3648,48835.4722,0.23626156685355357
2025-11-11,15.0,47220.1358,47322.8316,0.21748299618601802
2025-11-12,15.0,47003.811,47111.4533,0.22900762163502097
2025-11-13,15.0,47680.8359,47793.6165,0.23653231430007235
2025-11-14,15.0,18059.0281,18116.9728,0.3208626438624715
2025-11-15,15.0,18160.6805,18204.5706,0.24167667652978952
2025-11-16,15.0,49383.0151,49472.3298,0.18086127903639032
2025-11-17,15.0,48032.713,48158.2003,0.2612538174782127
2025-11-18,15.0,49330.2593,49439.2217,0.22088352446221712
2025-11-19,15.0,49998.8859,50114.2509,0.23073521426929416
2025-11-20,15.0,49529.3689,49654.2922,0.2522207772789667
2025-11-21,15.0,18427.6167,18480.0672,0.28462997797910056
2025-11-22,15.0,18769.6199,18833.2721,0.33912309025782017
2025-11-23,15.0,49963.9298,50095.7731,0.2638769567257409
2025-11-24,15.0,49062.359,49189.5095,0.2591611415545374
2025-11-25,15.0,50401.9184,50522.0781,0.2384028782190194
2025-11-26,15.0,50902.8019,51018.5845,0.22745807722925282
2025-11-27,15.0,50329.8824,50450.2055,0.2390688927407989
2025-11-28,15.0,18905.0787,18972.9251,0.3588793560506621
2025-11-29,15.0,19983.5623,20076.5505,0.46532351741942124
2025-11-30,15.0,53425.8153,53553.1011,0.23824775904617637
2025-12-01,15.0,57856.0612,57978.3889,0.21143460505561787
2025-12-02,15.0,59647.008,59757.6751,0.18553671440564737
2025-12-03,15.0,58064.868,58177.6289,0.19419816979494334
2025-12-04,15.0,58322.2775,58447.5454,0.21478566427084186
2025-12-05,15.0,23470.0166,23574.9014,0.4468882966622564
2025-12-06,15.0,24633.7118,24724.4123,0.36819684887913817
2025-12-07,15.0,58797.7236,58925.0396,0.21653218445318329
2025-12-08,15.0,58794.6327,58920.5467,0.21415907452189964
2025-12-09,15.0,58958.3529,59090.2899,0.22378010598727277
2025-12-10,15.0,59036.1744,59144.9766,0.18429753868572302
2025-12-11,15.0,57540.2489,57661.0567,0.20995360918410066
2025-12-12,15.0,24594.0565,24694.8864,0.4099767980622638
2025-12-13,15.0,24662.5395,24746.2752,0.3395259087267678
2025-12-14,15.0,59647.1743,59766.8556,0.2006486280065667
2025-12-15,15.0,59944.1004,60061.0638,0.1951209051174073
2025-12-16,15.0,60022.6189,60139.9898,0.19554442119197857
2025-12-17,15.0,58936.4818,59043.7432,0.18199480152218808
2025-12-18,15.0,58835.2146,58948.6234,0.19275665068118827
2025-12-19,15.0,24408.952,24506.3365,0.3989706869922292
2025-12-20,15.0,24287.2154,24392.8024,0.4347433405971349
2025-12-21,15.0,59725.6148,59845.3199,0.20042491420795708
2025-12-22,15.0,59747.3609,59882.715,0.226544199840128
2025-12-23,15.0,58456.0247,58578.6796,0.20982413869029448
2025-12-24,15.0,59149.5343,59265.2807,0.19568437577094497
2025-12-25,15.0,58850.8718,58974.6453,0.21031715724909955
2025-12-26,15.0,24312.3218,24415.5553,0.4246140954467607
2025-12-27,15.0,24497.2431,24595.6943,0.40188675557739295
2025-12-28,15.0,58079.0526,58193.8461,0.1976503903360309
2025-12-29,15.0,58379.4906,58514.2863,0.23089562981015804
2025-12-30,15.0,57735.1985,57846.8393,0.19336685471817514
2025-12-31,15.0,59582.3373,59699.0021,0.19580436303620252
