date,grid,emerg,Q_kwh,costC,cons_err
2025-01-01,45838.9,9495.86,2116.65,94695.04,0.0
2025-01-02,63379.94,3576.92,721.29,94386.29,0.0
2025-01-03,61261.44,0.0,0.0,59969.4,0.0
2025-01-04,48152.69,0.0,0.0,56579.52,0.0
2025-01-05,42369.43,14810.7,3532.5,96970.02,0.0
2025-01-06,46882.33,14549.28,3368.17,96102.02,0.0
2025-01-07,47690.19,9728.84,2268.03,96546.36,0.0
2025-01-08,54988.28,8976.43,1934.16,95049.39,0.0
2025-01-09,51111.81,8731.34,2020.2,95361.12,0.0
2025-01-10,56533.68,0.0,0.0,58190.68,1.5994396519841934e-16
2025-01-11,49494.38,0.0,0.0,56156.32,0.0
2025-01-12,48620.49,11827.52,2850.79,95880.59,0.0
2025-01-13,49946.67,8664.25,2208.86,93214.27,0.0
2025-01-14,49449.64,8649.27,2179.67,94191.88,0.0
2025-01-15,47930.13,9378.79,2109.62,94422.01,0.0
2025-01-16,48215.9,11630.57,2656.53,93455.68,0.0
2025-01-17,49821.02,0.0,0.0,55645.22,0.0
2025-01-18,49790.97,0.0,0.0,55249.02,0.0
2025-01-19,45338.17,10313.68,2479.3,93608.16,0.0
2025-01-20,48199.42,10076.07,2271.19,92888.27,0.0
2025-01-21,48142.17,7664.97,1822.59,89015.47,0.0
2025-01-22,50170.36,8547.65,2059.63,93887.98,0.0
2025-01-23,48054.96,9495.63,2247.34,93735.11,0.0
2025-01-24,46167.0,0.0,0.0,53731.68,0.0
2025-01-25,43333.02,0.0,0.0,52422.32,0.0
2025-01-26,49730.19,8138.83,2004.28,92348.58,0.0
2025-01-27,45047.41,8203.25,2080.66,88016.52,0.0
2025-01-28,48609.13,7704.65,1795.04,92070.87,0.0
2025-01-29,43650.2,8220.97,1982.22,85495.97,0.0
2025-01-30,44393.49,8837.29,2077.72,88443.34,0.0
2025-01-31,45464.14,0.0,0.0,52686.34,0.0
2025-02-01,44016.91,0.0,0.0,51718.33,0.0
2025-02-02,43389.35,6062.67,1458.45,83606.26,0.0
2025-02-03,47391.23,5465.22,1355.21,85197.53,0.0
2025-02-04,49109.43,5759.12,1452.07,87181.85,0.0
2025-02-05,45253.79,6755.48,1613.75,85481.69,0.0
2025-02-06,48865.64,7289.09,1769.69,86122.53,0.0
2025-02-07,46321.71,0.0,0.0,51770.8,0.0
2025-02-08,38418.0,0.0,0.0,48936.58,0.0
2025-02-09,43422.0,5995.73,1540.58,83937.23,0.0
2025-02-10,42497.98,6477.27,1675.71,80064.84,0.0
2025-02-11,43249.64,6218.19,1553.64,82657.86,0.0
2025-02-12,43008.12,6416.57,1625.79,81543.49,0.0
2025-02-13,38934.35,6155.83,1584.79,77265.38,0.0
2025-02-14,40850.57,0.0,0.0,47518.45,0.0
2025-02-15,39138.49,0.0,0.0,48495.65,0.0
2025-02-16,40552.43,7157.04,1905.02,81478.38,0.0
2025-02-17,42213.05,6128.17,1651.09,77296.36,0.0
2025-02-18,37226.92,5322.74,1369.87,76445.52,0.0
2025-02-19,37431.73,7249.91,1928.94,78963.18,0.0
2025-02-20,38717.3,6005.49,1587.54,76933.82,0.0
2025-02-21,37978.22,0.0,0.0,46212.67,0.0
2025-02-22,37171.11,0.0,0.0,46596.54,0.0
2025-02-23,36366.03,6256.51,1694.05,76797.92,0.0
2025-02-24,37412.15,6121.77,1609.03,74070.34,0.0
2025-02-25,38120.1,5903.74,1556.99,73504.66,0.0
2025-02-26,34406.72,5548.07,1437.65,73057.66,0.0
2025-02-27,35060.2,5415.06,1364.23,74579.89,0.0
2025-02-28,35417.56,0.0,0.0,44888.92,0.0
2025-03-01,39440.73,0.0,0.0,46003.68,1.5376874758991923e-16
2025-03-02,38180.58,5011.93,1365.07,77258.31,0.0
2025-03-03,41406.7,5509.73,1440.74,78482.88,0.0
2025-03-04,36076.19,4650.94,1294.79,73505.4,0.0
2025-03-05,37713.29,4257.54,1153.64,72294.4,0.0
2025-03-06,35476.77,3871.18,1125.95,71082.15,0.0
2025-03-07,38765.44,0.0,0.0,44391.42,0.0
2025-03-08,32680.24,0.0,0.0,42118.09,0.0
2025-03-09,34795.74,4434.7,1248.16,70553.74,0.0
2025-03-10,35153.69,4486.64,1273.81,71446.58,0.0
2025-03-11,31835.01,3303.55,922.51,67578.71,0.0
2025-03-12,35759.16,3696.18,1162.28,69299.94,0.0
2025-03-13,35285.82,4944.68,1414.33,70790.14,0.0
2025-03-14,31781.53,0.0,0.0,40723.77,0.0
2025-03-15,32408.4,0.0,0.0,41824.7,0.0
2025-03-16,31984.28,4775.23,1386.44,68094.55,0.0
2025-03-17,31222.37,3401.7,910.15,64021.55,0.0
2025-03-18,35551.03,3212.85,973.89,68496.39,0.0
2025-03-19,30335.68,3726.9,1017.55,65824.04,0.0
2025-03-20,33727.06,3947.03,1053.86,67540.2,0.0
2025-03-21,32163.93,0.0,0.0,40723.43,1.511609064061732e-16
2025-03-22,31606.6,0.0,0.0,40120.1,0.0
2025-03-23,32259.17,4812.5,1342.24,66410.15,0.0
2025-03-24,31753.27,3859.99,1133.56,65477.62,0.0
2025-03-25,35422.96,3983.91,1162.45,67789.92,0.0
2025-03-26,31142.13,3586.24,1067.1,64044.61,0.0
2025-03-27,32216.54,4018.47,1146.27,65002.89,0.0
2025-03-28,31080.59,0.0,0.0,39442.44,1.6808440628441135e-16
2025-03-29,27838.49,0.0,0.0,37940.59,0.0
2025-03-30,29593.43,3968.18,1170.54,63374.94,0.0
2025-03-31,28886.43,3510.83,952.62,61107.28,0.0
2025-04-01,33070.25,3546.98,947.91,63759.95,0.0
2025-04-02,31314.44,3615.5,1004.2,65840.77,0.0
2025-04-03,32608.48,3821.55,1125.24,64731.66,0.0
2025-04-04,29027.97,0.0,0.0,37534.59,0.0
2025-04-05,26720.31,74.19,34.7,36645.79,0.0
2025-04-06,28106.66,4368.6,1206.69,62091.34,0.0
2025-04-07,27794.73,3474.66,1090.71,59683.96,0.0
2025-04-08,31066.9,3704.7,1112.52,63650.81,0.0
2025-04-09,30304.62,3496.3,1083.26,62851.33,0.0
2025-04-10,29917.07,3866.13,1043.22,62128.6,0.0
2025-04-11,26812.36,0.0,0.0,36081.97,0.0
2025-04-12,29869.8,0.0,0.0,37151.34,0.0
2025-04-13,26836.57,4457.59,1228.34,60431.8,0.0
2025-04-14,30018.55,3289.32,944.91,60189.37,0.0
2025-04-15,26913.17,3469.35,953.49,58112.27,0.0
2025-04-16,28112.78,3810.05,1132.32,59932.29,0.0
2025-04-17,27857.44,2957.56,787.11,59232.59,0.0
2025-04-18,27252.57,0.0,0.0,35290.01,0.0
2025-04-19,25647.17,136.89,64.03,34730.93,0.0
2025-04-20,26108.47,4173.45,1289.11,59199.41,0.0
2025-04-21,27669.52,3924.08,1169.97,57545.94,0.0
2025-04-22,26679.8,4154.04,1218.53,58064.15,0.0
2025-04-23,25961.64,3965.99,1193.76,56845.78,0.0
2025-04-24,26420.14,3405.76,914.46,56634.4,0.0
2025-04-25,26627.58,0.0,0.0,34473.87,2.273330226154627e-16
2025-04-26,24984.07,98.26,45.96,34050.63,6.478470044811352e-15
2025-04-27,25114.92,4417.37,1366.02,58197.99,0.0
2025-04-28,28724.52,3752.64,1037.83,59759.48,0.0
2025-04-29,26021.86,3174.52,1007.88,55829.54,0.0
2025-04-30,26088.44,4693.09,1470.01,54910.61,0.0
2025-05-01,26698.88,10795.5,2764.22,62004.86,0.0
2025-05-02,30078.6,0.0,0.0,39208.14,1.272882197836371e-16
2025-05-03,26045.13,150.92,70.59,37098.11,0.0
2025-05-04,25663.52,11591.16,3085.12,58787.68,0.0
2025-05-05,29539.09,7881.59,2046.07,62804.23,0.0
2025-05-06,26548.09,9358.36,2551.82,61791.84,0.0
2025-05-07,28132.78,9644.06,2381.73,62091.97,0.0
2025-05-08,27798.78,9626.92,2197.46,60774.57,0.0
2025-05-09,29783.31,0.0,0.0,38165.14,4.2802843302986556e-16
2025-05-10,27042.38,111.76,52.27,36746.47,0.0
2025-05-11,25511.76,10305.24,2622.71,60270.35,0.0
2025-05-12,26965.2,6497.17,1697.16,56670.04,0.0
2025-05-13,28516.33,6834.05,1451.88,59137.52,0.0
2025-05-14,29061.52,6843.58,1664.62,58381.68,0.0
2025-05-15,30138.44,5234.13,1262.65,58736.42,0.0
2025-05-16,28717.85,0.0,0.0,36215.09,0.0
2025-05-17,28115.69,147.58,69.03,36722.86,1.7408597763615623e-16
2025-05-18,27770.98,6279.77,1556.7,58784.54,0.0
2025-05-19,27629.28,7143.24,1638.19,56523.82,0.0
2025-05-20,27850.53,7939.57,1821.54,57997.36,0.0
2025-05-21,27730.86,7579.06,1996.02,57227.54,0.0
2025-05-22,28836.43,4422.53,1034.64,56889.18,0.0
2025-05-23,27665.82,0.0,0.0,35809.76,1.4164490611873221e-16
2025-05-24,26656.99,54.87,25.66,35218.85,0.0
2025-05-25,26255.61,7937.95,1945.24,56465.57,0.0
2025-05-26,28100.34,6169.64,1463.65,57975.51,0.0
2025-05-27,27474.21,8266.23,2023.27,56184.27,0.0
2025-05-28,28141.2,5996.61,1383.35,57871.27,0.0
2025-05-29,27983.87,6547.61,1381.96,59361.29,0.0
2025-05-30,29272.88,0.0,0.0,36812.09,1.37880918549221e-16
2025-05-31,29567.89,354.32,165.72,37141.08,0.0
2025-06-01,33042.58,23002.0,5383.55,73445.73,0.0
2025-06-02,36689.2,18245.15,4162.35,74587.69,0.0
2025-06-03,33005.2,17576.1,3914.57,72459.44,0.0
2025-06-04,39265.35,17456.77,3892.95,72885.48,0.0
2025-06-05,33472.26,18001.52,3917.75,74409.23,0.0
2025-06-06,38373.61,0.0,0.0,46759.07,0.0
2025-06-07,39065.32,0.0,0.0,46691.85,0.0
2025-06-08,31690.71,17762.47,3850.12,67493.65,0.0
2025-06-09,39342.84,14660.62,3045.26,73956.14,0.0
2025-06-10,36358.89,13795.2,3000.0,73107.3,0.0
2025-06-11,40259.86,12446.79,2669.98,78928.11,0.0
2025-06-12,39021.79,10934.03,2276.48,74582.73,0.0
2025-06-13,39821.49,0.0,0.0,46248.31,0.0
2025-06-14,38480.38,0.0,0.0,45422.42,0.0
2025-06-15,35366.85,10035.75,2213.85,71337.51,0.0
2025-06-16,39468.78,7590.36,1335.85,74270.6,0.0
2025-06-17,40518.72,9809.06,2075.46,75331.14,0.0
2025-06-18,40298.11,7153.2,1508.42,71298.69,0.0
2025-06-19,37598.9,8223.84,1499.95,71008.43,0.0
2025-06-20,39199.95,0.0,0.0,43946.78,0.0
2025-06-21,34650.35,0.0,0.0,42230.05,0.0
2025-06-22,34018.14,10142.04,2082.92,68616.92,0.0
2025-06-23,37362.51,8008.73,1622.09,70209.64,0.0
2025-06-24,43643.37,9602.91,2039.58,79066.01,0.0
2025-06-25,37420.81,8777.31,2113.76,71976.32,0.0
2025-06-26,36457.09,9233.99,1830.69,69913.63,0.0
2025-06-27,38371.61,0.0,0.0,43733.31,0.0
2025-06-28,35712.55,0.0,0.0,42587.74,0.0
2025-06-29,33144.08,9570.6,1829.86,70141.64,0.0
2025-06-30,38283.48,8224.28,1734.33,71572.56,0.0
2025-07-01,33246.27,24844.26,5806.02,79555.52,0.0
2025-07-02,33679.05,24084.58,5575.17,74050.39,0.0
2025-07-03,36996.26,21686.46,4686.63,80885.95,0.0
2025-07-04,34328.16,0.0,0.0,47492.91,0.0
2025-07-05,33561.0,250.45,117.14,47276.49,0.0
2025-07-06,34717.05,22856.41,5147.78,81258.91,0.0
2025-07-07,37198.75,19355.14,4494.11,73489.28,0.0
2025-07-08,39284.1,17341.81,3646.05,78816.8,0.0
2025-07-09,40098.02,14790.04,3144.62,76268.38,0.0
2025-07-10,37675.61,16361.22,3678.87,75048.46,0.0
2025-07-11,42106.39,0.0,0.0,50470.48,0.0
2025-07-12,36936.93,114.39,53.5,47986.4,0.0
2025-07-13,41457.6,13934.68,2855.74,74341.21,0.0
2025-07-14,40089.47,11296.57,2244.17,72441.74,0.0
2025-07-15,42656.02,7817.98,1467.08,72510.61,0.0
2025-07-16,42663.91,6964.46,1511.34,72261.92,0.0
2025-07-17,40741.17,8036.65,1701.51,74664.45,0.0
2025-07-18,47122.32,0.0,0.0,51184.74,0.0
2025-07-19,44004.23,0.0,0.0,50209.63,0.0
2025-07-20,40927.97,9705.94,1937.14,72602.93,0.0
2025-07-21,44076.85,6855.11,1234.69,74931.36,0.0
2025-07-22,41600.75,7702.09,1583.92,73475.33,0.0
2025-07-23,47405.25,7466.39,1495.27,77468.33,0.0
2025-07-24,46982.88,6447.12,1335.97,74722.44,0.0
2025-07-25,41218.82,0.0,0.0,48108.61,0.0
2025-07-26,41793.99,0.0,0.0,49285.99,0.0
2025-07-27,39877.76,8979.14,1796.28,76064.9,0.0
2025-07-28,43648.33,7680.44,1630.82,77452.76,0.0
2025-07-29,42094.39,8550.31,1708.35,74951.53,0.0
2025-07-30,39691.83,6354.93,1233.88,74232.16,0.0
2025-07-31,40188.93,7777.31,1422.87,75295.52,0.0
2025-08-01,40849.67,0.0,0.0,47599.13,0.0
2025-08-02,42884.68,0.0,0.0,49080.89,0.0
2025-08-03,36806.45,13416.46,2842.09,68857.18,0.0
2025-08-04,40178.73,6911.66,1649.86,68727.25,0.0
2025-08-05,39273.94,7487.93,1691.57,68639.07,0.0
2025-08-06,43309.76,6587.54,1511.39,71652.08,0.0
2025-08-07,41351.16,7506.72,1637.78,70509.1,0.0
2025-08-08,38934.24,0.0,0.0,46686.79,0.0
2025-08-09,37577.7,105.09,49.15,46375.73,0.0
2025-08-10,37910.89,11212.32,2397.06,68358.89,0.0
2025-08-11,37891.53,8959.37,1918.02,69423.07,0.0
2025-08-12,40356.8,8925.32,1760.44,70138.93,2.147549952304264e-16
2025-08-13,37832.51,6905.63,1343.92,67968.43,0.0
2025-08-14,39557.25,8921.31,1606.98,71216.42,0.0
2025-08-15,43156.34,0.0,0.0,49136.01,2.1200680126355384e-16
2025-08-16,40642.99,37.45,17.51,48261.28,0.0
2025-08-17,37033.47,11050.29,2149.65,69430.7,0.0
2025-08-18,39641.85,8725.74,1618.31,70307.01,0.0
2025-08-19,38545.26,10046.44,2069.22,68702.83,0.0
2025-08-20,41107.08,8062.78,1614.4,74218.19,2.0596989227798959e-16
2025-08-21,39341.66,8116.48,1588.4,68762.96,0.0
2025-08-22,40269.92,0.0,0.0,48246.38,0.0
2025-08-23,36979.99,74.78,34.98,46455.44,0.0
2025-08-24,38013.08,9534.32,2002.77,70922.4,0.0
2025-08-25,49081.81,7653.78,1522.13,75977.83,0.0
2025-08-26,40645.91,7261.81,1388.18,70627.68,0.0
2025-08-27,40087.86,7302.03,1508.28,72651.39,0.0
2025-08-28,37813.43,8221.43,1712.77,71676.87,0.0
2025-08-29,43518.15,0.0,0.0,50578.97,0.0
2025-08-30,39887.51,104.83,49.03,48053.65,0.0
2025-08-31,38453.33,9712.74,1853.18,70575.54,0.0
2025-09-01,42128.84,0.0,0.0,61924.96,0.0
2025-09-02,37686.68,32.78,7.2,62481.51,0.0
2025-09-03,39071.07,23.02,3.42,61562.57,0.0
2025-09-04,38800.09,192.28,28.53,63172.14,0.0
2025-09-05,37514.81,0.0,0.0,42138.67,0.0
2025-09-06,35442.81,0.0,0.0,41350.76,0.0
2025-09-07,34498.43,929.97,151.13,61764.13,0.0
2025-09-08,37539.85,260.02,42.22,63820.55,0.0
2025-09-09,34681.27,1188.41,184.45,62288.34,0.0
2025-09-10,36761.81,2637.36,482.41,66391.65,0.0
2025-09-11,36621.25,2732.62,464.26,64366.99,0.0
2025-09-12,34572.8,0.0,0.0,42185.6,0.0
2025-09-13,32308.08,6.88,3.22,41300.82,0.0
2025-09-14,34911.37,6892.02,1509.35,66604.84,0.0
2025-09-15,32660.81,6623.02,1319.21,65195.65,0.0
2025-09-16,35532.86,7881.77,1698.85,67007.5,0.0
2025-09-17,33943.74,7524.27,1713.14,66740.76,0.0
2025-09-18,32342.46,8776.65,1747.53,66258.01,1.2341324556804548e-16
2025-09-19,33257.34,0.0,0.0,42301.05,0.0
2025-09-20,32047.25,83.57,39.09,42488.77,0.0
2025-09-21,31878.44,8792.17,1806.4,64973.24,0.0
2025-09-22,36525.34,7722.17,1634.31,68204.76,0.0
2025-09-23,35279.08,8238.43,1632.59,69098.56,0.0
2025-09-24,32941.81,6291.83,1335.04,67716.69,0.0
2025-09-25,33802.27,7441.44,1649.64,67467.16,0.0
2025-09-26,37590.14,0.0,0.0,44674.76,0.0
2025-09-27,31965.89,115.66,54.1,43197.37,0.0
2025-09-28,31734.35,7725.55,1758.63,68590.23,0.0
2025-09-29,35618.32,7723.19,1583.24,69703.5,0.0
2025-09-30,35261.77,7173.81,1494.32,71552.01,0.0
2025-10-01,33282.47,568.27,139.74,61149.28,0.0
2025-10-02,36114.22,545.74,118.78,63470.34,0.0
2025-10-03,32060.04,0.0,0.0,39701.31,0.0
2025-10-04,35429.48,0.0,0.0,42515.14,0.0
2025-10-05,32687.97,2550.67,646.33,63866.05,1.329282883207539e-16
2025-10-06,32268.23,1520.38,423.67,64144.83,0.0
2025-10-07,31715.27,1791.79,454.69,64879.05,0.0
2025-10-08,31731.04,1895.82,479.68,64246.77,0.0
2025-10-09,35281.67,2576.61,649.55,66757.35,0.0
2025-10-10,33925.87,0.0,0.0,41997.96,0.0
2025-10-11,32197.89,0.0,0.0,41934.89,0.0
2025-10-12,29835.16,4681.59,1357.98,65926.28,0.0
2025-10-13,32366.43,3608.71,940.68,66499.96,0.0
2025-10-14,33717.08,4042.89,1152.43,69122.03,0.0
2025-10-15,35333.27,3910.54,1015.84,69400.93,0.0
2025-10-16,33240.56,4000.41,970.7,70712.21,0.0
2025-10-17,30084.3,0.0,0.0,40672.25,0.0
2025-10-18,33030.65,0.0,0.0,42261.97,0.0
2025-10-19,32450.92,5779.22,1550.04,71533.64,0.0
2025-10-20,36153.77,4526.49,1287.96,72687.68,0.0
2025-10-21,35454.45,4694.01,1305.88,72419.42,0.0
2025-10-22,33957.57,4420.46,1175.88,72694.19,0.0
2025-10-23,39186.15,3857.24,1056.39,73384.2,0.0
2025-10-24,33451.77,0.0,0.0,43702.82,0.0
2025-10-25,34313.15,0.0,0.0,43671.0,0.0
2025-10-26,34128.06,5120.89,1396.46,71502.45,0.0
2025-10-27,33202.12,4628.92,1278.84,71531.33,0.0
2025-10-28,33072.73,4109.94,1096.42,72082.11,0.0
2025-10-29,37387.79,4411.89,1172.87,76011.47,0.0
2025-10-30,32935.19,4708.64,1259.76,71769.03,0.0
2025-10-31,38082.96,0.0,0.0,46028.42,0.0
2025-11-01,33472.22,0.0,0.0,43720.25,0.0
2025-11-02,34152.36,5124.05,1393.2,75719.46,0.0
2025-11-03,38293.28,4145.55,1182.23,75162.22,0.0
2025-11-04,35247.71,4979.0,1344.73,74503.12,0.0
2025-11-05,39899.9,4889.96,1357.04,77352.64,0.0
2025-11-06,36811.21,5901.43,1560.1,77513.1,0.0
2025-11-07,36048.75,0.0,0.0,46260.97,0.0
2025-11-08,36166.42,0.0,0.0,45537.05,1.529127459485531e-16
2025-11-09,35977.1,5346.55,1419.54,78250.68,0.0
2025-11-10,39005.51,5176.35,1381.94,79925.65,0.0
2025-11-11,40276.85,5032.4,1404.29,78734.6,0.0
2025-11-12,38024.11,4590.59,1240.35,78647.89,0.0
2025-11-13,36875.1,4935.1,1308.94,77754.92,0.0
2025-11-14,38200.91,0.0,0.0,47003.25,0.0
2025-11-15,39734.38,0.0,0.0,48046.59,0.0
2025-11-16,36186.34,6842.96,1874.85,81099.79,0.0
2025-11-17,36785.89,4566.99,1259.37,78540.92,0.0
2025-11-18,39112.73,5174.59,1390.35,80207.31,0.0
2025-11-19,38445.51,6105.88,1624.57,82038.74,0.0
2025-11-20,38263.94,5177.94,1354.07,80872.49,0.0
2025-11-21,38503.86,0.0,0.0,47576.81,0.0
2025-11-22,40500.79,0.0,0.0,48525.68,0.0
2025-11-23,36471.46,7234.4,1909.62,82294.48,0.0
2025-11-24,38241.18,5597.14,1572.62,80280.45,0.0
2025-11-25,45265.42,4993.57,1378.33,83060.83,0.0
2025-11-26,41849.6,5284.46,1392.87,83506.45,0.0
2025-11-27,40337.95,4869.51,1270.24,82083.12,0.0
2025-11-28,40752.98,0.0,0.0,49133.55,0.0
2025-11-29,44999.82,0.0,0.0,50202.15,0.0
2025-11-30,39646.24,7478.23,1988.06,86659.84,0.0
2025-12-01,44773.43,10463.08,2604.36,92611.45,0.0
2025-12-02,47066.39,11983.01,2837.2,94731.86,0.0
2025-12-03,40896.33,10927.71,2686.44,91739.47,0.0
2025-12-04,46509.79,12525.83,2972.7,94449.44,0.0
2025-12-05,45630.37,0.0,0.0,54140.88,0.0
2025-12-06,45196.15,0.0,0.0,54574.9,0.0
2025-12-07,46552.38,10622.61,2641.17,93530.66,0.0
2025-12-08,48963.32,7426.46,1754.34,92333.68,0.0
2025-12-09,48665.77,9647.92,2201.73,93194.29,0.0
2025-12-10,46236.07,10644.41,2647.88,93213.13,0.0
2025-12-11,48611.93,8984.18,2133.63,91555.8,0.0
2025-12-12,48252.62,0.0,0.0,54510.61,0.0
2025-12-13,47279.8,0.0,0.0,54303.98,0.0
2025-12-14,44182.34,10499.88,2567.83,94250.31,0.0
2025-12-15,46782.11,9894.28,2359.94,93587.11,0.0
2025-12-16,50857.19,9729.54,2267.54,93457.83,0.0
2025-12-17,51172.8,7097.46,1683.15,91800.54,0.0
2025-12-18,48215.49,9665.64,2255.95,92362.16,0.0
2025-12-19,48295.18,0.0,0.0,55321.03,0.0
2025-12-20,47789.32,0.0,0.0,55600.23,0.0
2025-12-21,47447.74,9748.86,2323.18,93790.02,0.0
2025-12-22,48638.95,8858.39,2029.8,93484.57,0.0
2025-12-23,50177.32,6801.28,1658.71,91607.93,0.0
2025-12-24,49530.69,7479.35,1794.86,92726.1,0.0
2025-12-25,46898.93,8361.68,1942.56,92197.32,0.0
2025-12-26,48274.11,0.0,0.0,55427.89,0.0
2025-12-27,46993.09,0.0,0.0,54847.81,0.0
2025-12-28,46322.82,10237.23,2334.87,91772.83,0.0
2025-12-29,47565.99,8177.47,1987.04,92034.95,1.662624433234534e-16
2025-12-30,48508.42,8994.06,2126.16,91632.62,0.0
2025-12-31,49975.03,8483.78,1990.9,93140.42,0.0
