date,grid_fee,emerg_fee,total
2025-01-01,99973.52,3796.75,103770.27
2025-01-02,117928.42,3654.26,121582.67
2025-01-03,92436.57,0.0,92436.57
2025-01-04,79620.47,184.77,79805.24
2025-01-05,93443.78,5985.41,99429.19
2025-01-06,97732.5,6158.77,103891.27
2025-01-07,103275.47,4075.04,107350.51
2025-01-08,100330.45,4134.82,104465.27
2025-01-09,104750.37,3427.29,108177.66
2025-01-10,80348.88,0.0,80348.88
2025-01-11,79865.02,163.12,80028.15
2025-01-12,102745.12,2942.22,105687.34
2025-01-13,98895.57,1870.23,100765.8
2025-01-14,99858.51,2881.7,102740.21
2025-01-15,103553.9,3221.23,106775.13
2025-01-16,100972.94,4881.11,105854.05
2025-01-17,79700.26,0.0,79700.26
2025-01-18,77117.74,225.89,77343.63
2025-01-19,100488.57,3043.64,103532.21
2025-01-20,99729.24,4387.26,104116.5
2025-01-21,95675.85,1842.87,97518.73
2025-01-22,101937.6,2063.72,104001.32
2025-01-23,102927.22,3064.19,105991.41
2025-01-24,77024.31,0.0,77024.31
2025-01-25,74544.34,52.86,74597.2
2025-01-26,97376.32,2309.36,99685.68
2025-01-27,96229.51,1343.28,97572.79
2025-01-28,98239.16,2064.12,100303.28
2025-01-29,92478.75,1634.46,94113.21
2025-01-30,96638.15,2129.62,98767.77
2025-01-31,76868.13,0.0,76868.13
2025-02-01,66647.43,63.38,66710.81
2025-02-02,84796.74,981.27,85778.01
2025-02-03,87809.35,0.0,87809.35
2025-02-04,90954.41,676.91,91631.32
2025-02-05,90623.36,1299.53,91922.89
2025-02-06,87731.39,1653.71,89385.1
2025-02-07,67407.19,0.0,67407.19
2025-02-08,65154.97,5.29,65160.26
2025-02-09,85740.92,152.54,85893.46
2025-02-10,80098.19,149.94,80248.13
2025-02-11,80111.2,180.67,80291.87
2025-02-12,79721.61,69.72,79791.32
2025-02-13,78271.32,60.69,78332.01
2025-02-14,62562.49,0.0,62562.49
2025-02-15,59001.67,76.28,59077.95
2025-02-16,74122.84,0.0,74122.84
2025-02-17,76588.89,113.98,76702.87
2025-02-18,77471.97,0.0,77471.97
2025-02-19,77549.19,124.43,77673.62
2025-02-20,76055.73,0.0,76055.73
2025-02-21,60141.66,0.0,60141.66
2025-02-22,58597.18,149.3,58746.48
2025-02-23,73307.5,0.0,73307.5
2025-02-24,74393.33,459.58,74852.91
2025-02-25,70727.94,0.0,70727.94
2025-02-26,74970.03,0.0,74970.03
2025-02-27,72093.02,0.0,72093.02
2025-02-28,56310.76,0.0,56310.76
2025-03-01,56076.23,54.84,56131.07
2025-03-02,77701.01,195.97,77896.98
2025-03-03,78005.48,0.0,78005.48
2025-03-04,74755.56,309.12,75064.67
2025-03-05,70799.82,153.29,70953.12
2025-03-06,71148.06,0.0,71148.06
2025-03-07,54457.22,0.0,54457.22
2025-03-08,49749.66,47.37,49797.03
2025-03-09,64032.92,0.0,64032.92
2025-03-10,72373.52,134.43,72507.95
2025-03-11,66631.21,0.0,66631.21
2025-03-12,65113.33,0.0,65113.33
2025-03-13,71839.04,0.0,71839.04
2025-03-14,49870.56,0.0,49870.56
2025-03-15,52010.59,154.06,52164.65
2025-03-16,65336.36,592.45,65928.82
2025-03-17,59425.16,435.52,59860.68
2025-03-18,65330.49,0.0,65330.49
2025-03-19,61782.31,186.62,61968.93
2025-03-20,61065.76,0.0,61065.76
2025-03-21,44215.79,0.0,44215.79
2025-03-22,46468.57,124.1,46592.67
2025-03-23,57620.43,0.0,57620.43
2025-03-24,62618.28,378.21,62996.49
2025-03-25,61688.52,67.84,61756.36
2025-03-26,57403.14,0.0,57403.14
2025-03-27,58442.57,0.0,58442.57
2025-03-28,46136.85,0.0,46136.85
2025-03-29,41854.45,107.99,41962.43
2025-03-30,52841.97,792.37,53634.34
2025-03-31,58319.72,208.94,58528.66
2025-04-01,63403.32,238.88,63642.2
2025-04-02,63479.32,0.0,63479.32
2025-04-03,59806.15,0.0,59806.15
2025-04-04,42697.62,0.0,42697.62
2025-04-05,41700.64,72.94,41773.58
2025-04-06,55602.98,0.0,55602.98
2025-04-07,56237.37,377.32,56614.68
2025-04-08,56401.98,507.55,56909.53
2025-04-09,59801.43,529.72,60331.14
2025-04-10,54523.44,0.0,54523.44
2025-04-11,39904.39,0.0,39904.39
2025-04-12,40748.06,137.32,40885.39
2025-04-13,51872.19,365.1,52237.29
2025-04-14,51065.65,73.57,51139.22
2025-04-15,54055.63,0.0,54055.63
2025-04-16,56980.84,128.1,57108.94
2025-04-17,53293.97,0.0,53293.97
2025-04-18,40470.17,0.0,40470.17
2025-04-19,41016.85,122.17,41139.02
2025-04-20,51119.55,330.79,51450.34
2025-04-21,48285.29,0.0,48285.29
2025-04-22,53831.66,462.61,54294.27
2025-04-23,52195.5,1707.37,53902.87
2025-04-24,49805.54,836.46,50641.99
2025-04-25,37907.72,0.0,37907.72
2025-04-26,38569.86,98.03,38667.89
2025-04-27,49081.61,393.36,49474.97
2025-04-28,58671.0,616.59,59287.59
2025-04-29,50574.43,436.52,51010.96
2025-04-30,48229.5,2243.03,50472.54
2025-05-01,52591.19,436.58,53027.77
2025-05-02,46652.68,0.0,46652.68
2025-05-03,41914.18,146.83,42061.0
2025-05-04,48233.64,2347.34,50580.99
2025-05-05,55095.57,810.01,55905.58
2025-05-06,52776.03,1205.31,53981.34
2025-05-07,55549.99,2665.6,58215.6
2025-05-08,55922.01,0.0,55922.01
2025-05-09,42931.57,0.0,42931.57
2025-05-10,43164.45,112.96,43277.42
2025-05-11,53142.98,3044.9,56187.88
2025-05-12,54111.78,1622.12,55733.9
2025-05-13,55412.57,13.09,55425.66
2025-05-14,52701.21,1187.18,53888.39
2025-05-15,56167.69,0.0,56167.69
2025-05-16,40724.51,0.0,40724.51
2025-05-17,42589.26,154.83,42744.09
2025-05-18,54057.79,815.74,54873.53
2025-05-19,52024.7,2084.52,54109.22
2025-05-20,56042.85,1468.7,57511.55
2025-05-21,53179.11,2729.93,55909.05
2025-05-22,52745.55,0.0,52745.55
2025-05-23,44245.61,0.0,44245.61
2025-05-24,39482.05,54.14,39536.19
2025-05-25,50095.05,926.41,51021.46
2025-05-26,54825.47,676.81,55502.28
2025-05-27,51767.41,1645.55,53412.95
2025-05-28,54001.2,2145.02,56146.21
2025-05-29,55954.07,369.85,56323.92
2025-05-30,42694.99,0.0,42694.99
2025-05-31,41491.65,439.0,41930.65
2025-06-01,66564.33,5787.44,72351.77
2025-06-02,69939.8,2020.03,71959.82
2025-06-03,71195.07,1259.29,72454.35
2025-06-04,70508.56,3416.38,73924.95
2025-06-05,74853.84,0.0,74853.84
2025-06-06,61931.7,0.0,61931.7
2025-06-07,60679.51,302.16,60981.67
2025-06-08,65860.35,2417.36,68277.71
2025-06-09,75720.51,0.0,75720.51
2025-06-10,77223.57,762.88,77986.45
2025-06-11,82092.09,3163.7,85255.8
2025-06-12,79133.13,0.0,79133.13
2025-06-13,63446.56,0.0,63446.56
2025-06-14,58170.41,74.17,58244.58
2025-06-15,73782.17,611.49,74393.66
2025-06-16,81125.27,601.71,81726.98
2025-06-17,83340.73,966.23,84306.96
2025-06-18,81348.22,307.04,81655.26
2025-06-19,76832.98,0.0,76832.98
2025-06-20,58081.37,0.0,58081.37
2025-06-21,53156.06,0.0,53156.06
2025-06-22,71883.92,1123.47,73007.39
2025-06-23,73968.09,66.93,74035.01
2025-06-24,84408.39,237.11,84645.5
2025-06-25,80360.5,954.25,81314.75
2025-06-26,74283.29,0.0,74283.29
2025-06-27,53819.93,0.0,53819.93
2025-06-28,56074.4,153.65,56228.05
2025-06-29,73481.93,823.61,74305.54
2025-06-30,78192.84,700.45,78893.3
2025-07-01,75642.82,11869.87,87512.69
2025-07-02,68473.76,19444.63,87918.39
2025-07-03,82102.03,5322.77,87424.8
2025-07-04,61867.81,0.0,61867.81
2025-07-05,57536.1,310.48,57846.58
2025-07-06,81483.21,15326.58,96809.79
2025-07-07,75312.48,10947.93,86260.41
2025-07-08,80564.38,7799.68,88364.05
2025-07-09,80608.37,3599.25,84207.62
2025-07-10,77997.51,8838.49,86836.0
2025-07-11,67093.45,0.0,67093.45
2025-07-12,66520.98,152.05,66673.04
2025-07-13,72871.03,6780.25,79651.28
2025-07-14,80515.83,5107.95,85623.79
2025-07-15,82692.91,1826.78,84519.68
2025-07-16,83620.26,1643.15,85263.42
2025-07-17,83915.57,1802.57,85718.14
2025-07-18,69012.58,0.0,69012.58
2025-07-19,63472.84,281.59,63754.43
2025-07-20,80733.41,2965.05,83698.46
2025-07-21,89073.64,3725.02,92798.66
2025-07-22,87204.53,3495.13,90699.67
2025-07-23,84834.66,1831.74,86666.39
2025-07-24,87353.61,447.54,87801.15
2025-07-25,65807.03,0.0,65807.03
2025-07-26,65463.69,170.76,65634.45
2025-07-27,84027.32,2861.37,86888.69
2025-07-28,91273.56,1834.09,93107.65
2025-07-29,89776.97,4591.47,94368.44
2025-07-30,86450.18,2405.38,88855.56
2025-07-31,87401.31,827.16,88228.47
2025-08-01,61234.35,0.0,61234.35
2025-08-02,59371.9,308.04,59679.94
2025-08-03,69079.39,3454.28,72533.68
2025-08-04,72681.82,1614.09,74295.91
2025-08-05,74950.29,2669.21,77619.5
2025-08-06,78949.74,1900.64,80850.38
2025-08-07,75616.45,4190.48,79806.93
2025-08-08,59221.88,0.0,59221.88
2025-08-09,59861.41,128.04,59989.45
2025-08-10,72818.81,6436.17,79254.97
2025-08-11,75568.84,3617.01,79185.85
2025-08-12,78102.22,1629.23,79731.45
2025-08-13,75399.56,2959.64,78359.2
2025-08-14,77227.39,1850.96,79078.35
2025-08-15,60111.16,0.0,60111.16
2025-08-16,57954.31,43.37,57997.67
2025-08-17,72902.39,1919.77,74822.15
2025-08-18,75736.74,3572.2,79308.94
2025-08-19,74460.34,5602.08,80062.42
2025-08-20,81796.76,932.21,82728.97
2025-08-21,75851.41,3027.39,78878.8
2025-08-22,61127.4,0.0,61127.4
2025-08-23,59727.09,93.16,59820.24
2025-08-24,75065.16,3557.96,78623.12
2025-08-25,83117.71,1489.54,84607.25
2025-08-26,76554.07,669.07,77223.14
2025-08-27,81874.67,1022.0,82896.67
2025-08-28,79130.64,868.35,79998.99
2025-08-29,63379.41,0.0,63379.41
2025-08-30,60849.35,132.31,60981.66
2025-08-31,72325.42,3478.56,75803.98
2025-09-01,68358.86,0.0,68358.86
2025-09-02,66842.89,0.0,66842.89
2025-09-03,67479.39,0.0,67479.39
2025-09-04,66550.19,0.0,66550.19
2025-09-05,49974.64,0.0,49974.64
2025-09-06,48127.81,0.0,48127.81
2025-09-07,61888.25,0.0,61888.25
2025-09-08,69402.51,127.57,69530.08
2025-09-09,63965.79,21.51,63987.29
2025-09-10,69500.36,0.0,69500.36
2025-09-11,60244.49,0.0,60244.49
2025-09-12,50019.85,0.0,50019.85
2025-09-13,46991.16,6.88,46998.05
2025-09-14,63269.0,0.0,63269.0
2025-09-15,62378.11,906.39,63284.51
2025-09-16,64413.33,898.45,65311.78
2025-09-17,61232.68,1011.12,62243.8
2025-09-18,62436.52,0.0,62436.52
2025-09-19,49814.95,0.0,49814.95
2025-09-20,48222.71,88.65,48311.37
2025-09-21,60068.58,66.83,60135.41
2025-09-22,62599.58,0.0,62599.58
2025-09-23,63863.14,0.0,63863.14
2025-09-24,64124.16,469.96,64594.12
2025-09-25,65628.69,0.0,65628.69
2025-09-26,51203.73,0.0,51203.73
2025-09-27,51510.4,125.96,51636.36
2025-09-28,65787.61,873.64,66661.24
2025-09-29,64799.98,452.17,65252.15
2025-09-30,68223.25,1045.23,69268.48
2025-10-01,59895.74,190.39,60086.13
2025-10-02,58868.64,0.0,58868.64
2025-10-03,46190.72,0.0,46190.72
2025-10-04,47960.29,75.85,48036.14
2025-10-05,58763.45,39.39,58802.83
2025-10-06,61403.97,16.3,61420.26
2025-10-07,62294.22,257.86,62552.08
2025-10-08,60006.45,76.43,60082.88
2025-10-09,59740.0,0.0,59740.0
2025-10-10,46159.33,0.0,46159.33
2025-10-11,48396.96,87.94,48484.91
2025-10-12,57535.44,189.51,57724.95
2025-10-13,58676.49,0.0,58676.49
2025-10-14,63038.97,0.0,63038.97
2025-10-15,63584.42,0.0,63584.42
2025-10-16,65663.05,0.0,65663.05
2025-10-17,49701.16,0.0,49701.16
2025-10-18,47593.14,103.03,47696.17
2025-10-19,63709.28,592.74,64302.01
2025-10-20,66988.04,0.0,66988.04
2025-10-21,69596.65,0.0,69596.65
2025-10-22,68328.45,102.9,68431.34
2025-10-23,70245.97,0.0,70245.97
2025-10-24,52568.18,0.0,52568.18
2025-10-25,51864.09,67.22,51931.31
2025-10-26,66561.22,248.04,66809.26
2025-10-27,69859.61,73.61,69933.22
2025-10-28,72914.82,412.43,73327.26
2025-10-29,75542.32,119.15,75661.46
2025-10-30,70173.97,0.0,70173.97
2025-10-31,56710.08,0.0,56710.08
2025-11-01,52837.6,97.57,52935.17
2025-11-02,70883.86,0.0,70883.86
2025-11-03,74089.5,0.0,74089.5
2025-11-04,73660.84,98.36,73759.2
2025-11-05,73821.79,0.0,73821.79
2025-11-06,77274.62,218.18,77492.8
2025-11-07,59392.89,0.0,59392.89
2025-11-08,54974.92,106.85,55081.76
2025-11-09,74115.35,133.08,74248.43
2025-11-10,80205.9,0.0,80205.9
2025-11-11,76582.09,444.07,77026.15
2025-11-12,78119.36,195.86,78315.23
2025-11-13,79273.23,0.0,79273.23
2025-11-14,59739.81,0.0,59739.81
2025-11-15,58865.05,55.3,58920.35
2025-11-16,78509.88,0.0,78509.88
2025-11-17,81318.92,146.54,81465.47
2025-11-18,78861.09,0.0,78861.09
2025-11-19,84515.66,81.21,84596.87
2025-11-20,81921.77,190.71,82112.49
2025-11-21,63955.75,0.0,63955.75
2025-11-22,61342.82,83.78,61426.6
2025-11-23,79785.51,607.75,80393.26
2025-11-24,81472.34,22.23,81494.57
2025-11-25,81713.46,319.41,82032.87
2025-11-26,85557.23,435.8,85993.03
2025-11-27,84386.57,233.82,84620.4
2025-11-28,64644.61,0.0,64644.61
2025-11-29,65896.42,142.18,66038.61
2025-11-30,85523.55,918.19,86441.74
2025-12-01,91051.0,3289.13,94340.13
2025-12-02,94771.8,4743.76,99515.56
2025-12-03,95217.79,2374.53,97592.33
2025-12-04,91600.37,3878.5,95478.87
2025-12-05,75639.82,0.0,75639.82
2025-12-06,74596.0,132.21,74728.2
2025-12-07,91358.35,2707.32,94065.67
2025-12-08,98724.42,2541.67,101266.09
2025-12-09,95387.11,3946.75,99333.86
2025-12-10,98813.48,2131.09,100944.57
2025-12-11,95563.23,2455.9,98019.13
2025-12-12,81569.19,0.0,81569.19
2025-12-13,77886.75,110.67,77997.42
2025-12-14,99805.5,4497.54,104303.04
2025-12-15,103907.47,2185.93,106093.4
2025-12-16,101545.59,1778.91,103324.5
2025-12-17,98960.15,3083.29,102043.44
2025-12-18,100548.83,2014.65,102563.48
2025-12-19,81586.03,0.0,81586.03
2025-12-20,75648.32,60.0,75708.32
2025-12-21,98348.62,4581.46,102930.07
2025-12-22,101606.84,1602.57,103209.4
2025-12-23,99369.92,1887.67,101257.59
2025-12-24,99147.2,1205.53,100352.73
2025-12-25,99942.56,2022.03,101964.59
2025-12-26,79691.34,0.0,79691.34
2025-12-27,77212.48,71.5,77283.98
2025-12-28,93800.99,3988.05,97789.04
2025-12-29,101251.62,2138.3,103389.92
2025-12-30,97343.19,3106.82,100450.0
2025-12-31,102099.97,3033.83,105133.79
